id1,id2,pair_id,true_class,predicted_class,score_S,true_norm,pred_norm
CHEBI_106936,CHEBI_123855,CHEBI_106936_CHEBI_123855,Diastereomers,Stereo-resolution pairs,80.0,diastereomer,stereo_resolution
CHEBI_124105,CHEBI_124753,CHEBI_124105_CHEBI_124753,Diastereomers,Stereo-resolution pairs,79.0,diastereomer,stereo_resolution
CHEBI_95659,CHEBI_96178,CHEBI_95659_CHEBI_96178,Diastereomers,Stereo-resolution pairs,79.0,diastereomer,stereo_resolution
CHEBI_221267,CHEBI_220012,CHEBI_220012_CHEBI_221267,Diastereomers,Stereo-resolution pairs,97.0,diastereomer,stereo_resolution
CHEBI_219255,CHEBI_209198,CHEBI_209198_CHEBI_219255,Diastereomers,Stereo-resolution pairs,100.0,diastereomer,stereo_resolution
CHEBI_129798,CHEBI_129545,CHEBI_129545_CHEBI_129798,Diastereomers,Stereo-resolution pairs,88.0,diastereomer,stereo_resolution
CHEBI_95912,CHEBI_95552,CHEBI_95552_CHEBI_95912,Diastereomers,Stereo-resolution pairs,80.0,diastereomer,stereo_resolution
CHEBI_228050,CHEBI_228055,CHEBI_228050_CHEBI_228055,Diastereomers,Stereo-resolution pairs,77.0,diastereomer,stereo_resolution
CHEBI_200781,CHEBI_214544,CHEBI_200781_CHEBI_214544,Diastereomers,Stereo-resolution pairs,100.0,diastereomer,stereo_resolution
CHEBI_233662,CHEBI_233663,CHEBI_233662_CHEBI_233663,Diastereomers,Stereo-resolution pairs,100.0,diastereomer,stereo_resolution
CHEBI_96338,CHEBI_96691,CHEBI_96338_CHEBI_96691,Diastereomers,Stereo-resolution pairs,78.0,diastereomer,stereo_resolution
CHEBI_113375,CHEBI_96931,CHEBI_113375_CHEBI_96931,Diastereomers,Stereo-resolution pairs,85.0,diastereomer,stereo_resolution
CHEBI_95941,CHEBI_116658,CHEBI_116658_CHEBI_95941,Diastereomers,Stereo-resolution pairs,83.0,diastereomer,stereo_resolution
CHEBI_127571,CHEBI_130530,CHEBI_127571_CHEBI_130530,Diastereomers,Stereo-resolution pairs,100.0,diastereomer,stereo_resolution
CHEBI_129751,CHEBI_129888,CHEBI_129751_CHEBI_129888,Diastereomers,Stereo-resolution pairs,76.0,diastereomer,stereo_resolution
CHEBI_128108,CHEBI_127935,CHEBI_127935_CHEBI_128108,Diastereomers,Stereo-resolution pairs,100.0,diastereomer,stereo_resolution
CHEBI_207275,CHEBI_207269,CHEBI_207269_CHEBI_207275,Diastereomers,Stereo-resolution pairs,83.0,diastereomer,stereo_resolution
CHEBI_128675,CHEBI_128387,CHEBI_128387_CHEBI_128675,Diastereomers,Stereo-resolution pairs,81.0,diastereomer,stereo_resolution
CHEBI_198553,CHEBI_216149,CHEBI_198553_CHEBI_216149,Diastereomers,Stereo-resolution pairs,100.0,diastereomer,stereo_resolution
CHEBI_108782,CHEBI_113569,CHEBI_108782_CHEBI_113569,Diastereomers,Stereo-resolution pairs,77.0,diastereomer,stereo_resolution
CHEBI_208212,CHEBI_208078,CHEBI_208078_CHEBI_208212,Diastereomers,Stereo-resolution pairs,100.0,diastereomer,stereo_resolution
CHEBI_108730,CHEBI_111767,CHEBI_108730_CHEBI_111767,Diastereomers,Stereo-resolution pairs,84.0,diastereomer,stereo_resolution
CHEBI_53637,CHEBI_53636,CHEBI_53636_CHEBI_53637,Diastereomers,Stereo-resolution pairs,76.0,diastereomer,stereo_resolution
CHEBI_103817,CHEBI_113393,CHEBI_103817_CHEBI_113393,Diastereomers,Stereo-resolution pairs,78.0,diastereomer,stereo_resolution
CHEBI_127094,CHEBI_130119,CHEBI_127094_CHEBI_130119,Diastereomers,Stereo-resolution pairs,79.0,diastereomer,stereo_resolution
CHEBI_130641,CHEBI_126239,CHEBI_126239_CHEBI_130641,Diastereomers,Stereo-resolution pairs,100.0,diastereomer,stereo_resolution
CHEBI_96623,CHEBI_95764,CHEBI_95764_CHEBI_96623,Diastereomers,Stereo-resolution pairs,85.0,diastereomer,stereo_resolution
CHEBI_126372,CHEBI_125891,CHEBI_125891_CHEBI_126372,Diastereomers,Stereo-resolution pairs,77.0,diastereomer,stereo_resolution
CHEBI_67563,CHEBI_67564,CHEBI_67563_CHEBI_67564,Diastereomers,Stereo-resolution pairs,79.0,diastereomer,stereo_resolution
CHEBI_209430,CHEBI_209426,CHEBI_209426_CHEBI_209430,Diastereomers,Stereo-resolution pairs,75.0,diastereomer,stereo_resolution
CHEBI_127055,CHEBI_128936,CHEBI_127055_CHEBI_128936,Diastereomers,Stereo-resolution pairs,75.0,diastereomer,stereo_resolution
CHEBI_200375,CHEBI_207851,CHEBI_200375_CHEBI_207851,Diastereomers,Stereo-resolution pairs,77.0,diastereomer,stereo_resolution
CHEBI_127110,CHEBI_130202,CHEBI_127110_CHEBI_130202,Diastereomers,Stereo-resolution pairs,76.0,diastereomer,stereo_resolution
CHEBI_119648,CHEBI_103682,CHEBI_103682_CHEBI_119648,Diastereomers,Stereo-resolution pairs,80.0,diastereomer,stereo_resolution
CHEBI_130080,CHEBI_127903,CHEBI_127903_CHEBI_130080,Diastereomers,Stereo-resolution pairs,78.0,diastereomer,stereo_resolution
CHEBI_128297,CHEBI_126187,CHEBI_126187_CHEBI_128297,Diastereomers,Stereo-resolution pairs,77.0,diastereomer,stereo_resolution
CHEBI_106754,CHEBI_111066,CHEBI_106754_CHEBI_111066,Diastereomers,Stereo-resolution pairs,100.0,diastereomer,stereo_resolution
CHEBI_130536,CHEBI_127702,CHEBI_127702_CHEBI_130536,Diastereomers,Stereo-resolution pairs,75.0,diastereomer,stereo_resolution
CHEBI_99846,CHEBI_102759,CHEBI_102759_CHEBI_99846,Diastereomers,Stereo-resolution pairs,85.0,diastereomer,stereo_resolution
CHEBI_126511,CHEBI_128104,CHEBI_126511_CHEBI_128104,Diastereomers,Stereo-resolution pairs,75.0,diastereomer,stereo_resolution
CHEBI_71556,CHEBI_71614,CHEBI_71556_CHEBI_71614,Diastereomers,Stereo-resolution pairs,100.0,diastereomer,stereo_resolution
CHEBI_213390,CHEBI_198501,CHEBI_198501_CHEBI_213390,Diastereomers,Stereo-resolution pairs,98.0,diastereomer,stereo_resolution
CHEBI_119549,CHEBI_119508,CHEBI_119508_CHEBI_119549,Diastereomers,Stereo-resolution pairs,78.0,diastereomer,stereo_resolution
CHEBI_129506,CHEBI_125957,CHEBI_125957_CHEBI_129506,Diastereomers,Stereo-resolution pairs,81.0,diastereomer,stereo_resolution
CHEBI_129419,CHEBI_130577,CHEBI_129419_CHEBI_130577,Diastereomers,Stereo-resolution pairs,76.0,diastereomer,stereo_resolution
CHEBI_95822,CHEBI_96942,CHEBI_95822_CHEBI_96942,Diastereomers,Stereo-resolution pairs,81.0,diastereomer,stereo_resolution
CHEBI_130838,CHEBI_128741,CHEBI_128741_CHEBI_130838,Diastereomers,Stereo-resolution pairs,89.0,diastereomer,stereo_resolution
CHEBI_114099,CHEBI_114055,CHEBI_114055_CHEBI_114099,Diastereomers,Stereo-resolution pairs,79.0,diastereomer,stereo_resolution
CHEBI_95562,CHEBI_95939,CHEBI_95562_CHEBI_95939,Diastereomers,Stereo-resolution pairs,80.0,diastereomer,stereo_resolution
CHEBI_204527,CHEBI_201564,CHEBI_201564_CHEBI_204527,Diastereomers,Stereo-resolution pairs,94.0,diastereomer,stereo_resolution
CHEBI_126632,CHEBI_126566,CHEBI_126566_CHEBI_126632,Diastereomers,Stereo-resolution pairs,76.0,diastereomer,stereo_resolution
CHEBI_113716,CHEBI_111568,CHEBI_111568_CHEBI_113716,Diastereomers,Stereo-resolution pairs,79.0,diastereomer,stereo_resolution
CHEBI_130523,CHEBI_127154,CHEBI_127154_CHEBI_130523,Diastereomers,Stereo-resolution pairs,77.0,diastereomer,stereo_resolution
CHEBI_227219,CHEBI_227224,CHEBI_227219_CHEBI_227224,Diastereomers,Stereo-resolution pairs,82.0,diastereomer,stereo_resolution
CHEBI_191121,CHEBI_191034,CHEBI_191034_CHEBI_191121,Diastereomers,Stereo-resolution pairs,78.0,diastereomer,stereo_resolution
CHEBI_32343,CHEBI_32342,CHEBI_32342_CHEBI_32343,Diastereomers,Stereo-resolution pairs,100.0,diastereomer,stereo_resolution
CHEBI_127100,CHEBI_127340,CHEBI_127100_CHEBI_127340,Diastereomers,Stereo-resolution pairs,88.0,diastereomer,stereo_resolution
CHEBI_127974,CHEBI_128365,CHEBI_127974_CHEBI_128365,Diastereomers,Stereo-resolution pairs,100.0,diastereomer,stereo_resolution
CHEBI_126004,CHEBI_129201,CHEBI_126004_CHEBI_129201,Diastereomers,Stereo-resolution pairs,100.0,diastereomer,stereo_resolution
CHEBI_99568,CHEBI_110940,CHEBI_110940_CHEBI_99568,Diastereomers,Stereo-resolution pairs,81.0,diastereomer,stereo_resolution
CHEBI_217874,CHEBI_217092,CHEBI_217092_CHEBI_217874,Diastereomers,Stereo-resolution pairs,86.0,diastereomer,stereo_resolution
CHEBI_95738,CHEBI_96707,CHEBI_95738_CHEBI_96707,Diastereomers,Stereo-resolution pairs,77.0,diastereomer,stereo_resolution
CHEBI_225483,CHEBI_215749,CHEBI_215749_CHEBI_225483,Diastereomers,Stereo-resolution pairs,89.0,diastereomer,stereo_resolution
CHEBI_130726,CHEBI_126798,CHEBI_126798_CHEBI_130726,Diastereomers,Stereo-resolution pairs,100.0,diastereomer,stereo_resolution
CHEBI_128842,CHEBI_131120,CHEBI_128842_CHEBI_131120,Diastereomers,Stereo-resolution pairs,76.0,diastereomer,stereo_resolution
CHEBI_69345,CHEBI_69344,CHEBI_69344_CHEBI_69345,Diastereomers,Stereo-resolution pairs,100.0,diastereomer,stereo_resolution
CHEBI_127975,CHEBI_130822,CHEBI_127975_CHEBI_130822,Diastereomers,Stereo-resolution pairs,76.0,diastereomer,stereo_resolution
CHEBI_129083,CHEBI_126491,CHEBI_126491_CHEBI_129083,Diastereomers,Stereo-resolution pairs,77.0,diastereomer,stereo_resolution
CHEBI_127199,CHEBI_130093,CHEBI_127199_CHEBI_130093,Diastereomers,Stereo-resolution pairs,100.0,diastereomer,stereo_resolution
CHEBI_128012,CHEBI_128207,CHEBI_128012_CHEBI_128207,Diastereomers,Stereo-resolution pairs,100.0,diastereomer,stereo_resolution
CHEBI_95653,CHEBI_96183,CHEBI_95653_CHEBI_96183,Diastereomers,Stereo-resolution pairs,79.0,diastereomer,stereo_resolution
CHEBI_99002,CHEBI_97737,CHEBI_97737_CHEBI_99002,Diastereomers,Stereo-resolution pairs,100.0,diastereomer,stereo_resolution
CHEBI_208918,CHEBI_217388,CHEBI_208918_CHEBI_217388,Diastereomers,Stereo-resolution pairs,84.0,diastereomer,stereo_resolution
CHEBI_96322,CHEBI_96141,CHEBI_96141_CHEBI_96322,Diastereomers,Stereo-resolution pairs,77.0,diastereomer,stereo_resolution
CHEBI_127448,CHEBI_129688,CHEBI_127448_CHEBI_129688,Diastereomers,Stereo-resolution pairs,88.0,diastereomer,stereo_resolution
CHEBI_70195,CHEBI_70196,CHEBI_70195_CHEBI_70196,Diastereomers,Stereo-resolution pairs,100.0,diastereomer,stereo_resolution
CHEBI_119719,CHEBI_119737,CHEBI_119719_CHEBI_119737,Diastereomers,Stereo-resolution pairs,79.0,diastereomer,stereo_resolution
CHEBI_130952,CHEBI_128684,CHEBI_128684_CHEBI_130952,Diastereomers,Stereo-resolution pairs,77.0,diastereomer,stereo_resolution
CHEBI_129503,CHEBI_127061,CHEBI_127061_CHEBI_129503,Diastereomers,Stereo-resolution pairs,75.0,diastereomer,stereo_resolution
CHEBI_218346,CHEBI_217716,CHEBI_217716_CHEBI_218346,Diastereomers,Stereo-resolution pairs,100.0,diastereomer,stereo_resolution
CHEBI_129306,CHEBI_128910,CHEBI_128910_CHEBI_129306,Diastereomers,Stereo-resolution pairs,79.0,diastereomer,stereo_resolution
CHEBI_113676,CHEBI_113709,CHEBI_113676_CHEBI_113709,Diastereomers,Stereo-resolution pairs,76.0,diastereomer,stereo_resolution
CHEBI_102866,CHEBI_100318,CHEBI_100318_CHEBI_102866,Diastereomers,Stereo-resolution pairs,100.0,diastereomer,stereo_resolution
CHEBI_226348,CHEBI_221960,CHEBI_221960_CHEBI_226348,Diastereomers,Stereo-resolution pairs,82.0,diastereomer,stereo_resolution
CHEBI_108682,CHEBI_111583,CHEBI_108682_CHEBI_111583,Diastereomers,Stereo-resolution pairs,80.0,diastereomer,stereo_resolution
CHEBI_111572,CHEBI_108911,CHEBI_108911_CHEBI_111572,Diastereomers,Stereo-resolution pairs,75.0,diastereomer,stereo_resolution
CHEBI_219933,CHEBI_223291,CHEBI_219933_CHEBI_223291,Diastereomers,Stereo-resolution pairs,78.0,diastereomer,stereo_resolution
CHEBI_218640,CHEBI_224081,CHEBI_218640_CHEBI_224081,Diastereomers,Stereo-resolution pairs,100.0,diastereomer,stereo_resolution
CHEBI_146079,CHEBI_150607,CHEBI_146079_CHEBI_150607,Diastereomers,Stereo-resolution pairs,75.0,diastereomer,stereo_resolution
CHEBI_126462,CHEBI_129864,CHEBI_126462_CHEBI_129864,Diastereomers,Stereo-resolution pairs,81.0,diastereomer,stereo_resolution
CHEBI_130815,CHEBI_130572,CHEBI_130572_CHEBI_130815,Diastereomers,Stereo-resolution pairs,78.0,diastereomer,stereo_resolution
CHEBI_128015,CHEBI_131011,CHEBI_128015_CHEBI_131011,Diastereomers,Stereo-resolution pairs,78.0,diastereomer,stereo_resolution
CHEBI_103829,CHEBI_119728,CHEBI_103829_CHEBI_119728,Diastereomers,Stereo-resolution pairs,77.0,diastereomer,stereo_resolution
CHEBI_128415,CHEBI_128450,CHEBI_128415_CHEBI_128450,Diastereomers,Stereo-resolution pairs,100.0,diastereomer,stereo_resolution
CHEBI_32304,CHEBI_91126,CHEBI_32304_CHEBI_91126,Diastereomers,Stereo-resolution pairs,85.0,diastereomer,stereo_resolution
CHEBI_95602,CHEBI_112466,CHEBI_112466_CHEBI_95602,Diastereomers,Stereo-resolution pairs,100.0,diastereomer,stereo_resolution
CHEBI_126851,CHEBI_126906,CHEBI_126851_CHEBI_126906,Diastereomers,Stereo-resolution pairs,81.0,diastereomer,stereo_resolution
CHEBI_128403,CHEBI_131321,CHEBI_128403_CHEBI_131321,Diastereomers,Stereo-resolution pairs,79.0,diastereomer,stereo_resolution
CHEBI_113613,CHEBI_113576,CHEBI_113576_CHEBI_113613,Diastereomers,Stereo-resolution pairs,79.0,diastereomer,stereo_resolution
CHEBI_211436,CHEBI_211442,CHEBI_211436_CHEBI_211442,Diastereomers,Stereo-resolution pairs,77.0,diastereomer,stereo_resolution
CHEBI_130254,CHEBI_127193,CHEBI_127193_CHEBI_130254,Diastereomers,Stereo-resolution pairs,87.0,diastereomer,stereo_resolution
CHEBI_208279,CHEBI_216014,CHEBI_208279_CHEBI_216014,Diastereomers,Stereo-resolution pairs,100.0,diastereomer,stereo_resolution
CHEBI_100078,CHEBI_101698,CHEBI_100078_CHEBI_101698,Diastereomers,Stereo-resolution pairs,76.0,diastereomer,stereo_resolution
CHEBI_130766,CHEBI_129259,CHEBI_129259_CHEBI_130766,Diastereomers,Stereo-resolution pairs,76.0,diastereomer,stereo_resolution
CHEBI_111601,CHEBI_124236,CHEBI_111601_CHEBI_124236,Diastereomers,Stereo-resolution pairs,81.0,diastereomer,stereo_resolution
CHEBI_126180,CHEBI_129482,CHEBI_126180_CHEBI_129482,Diastereomers,Stereo-resolution pairs,78.0,diastereomer,stereo_resolution
CHEBI_96528,CHEBI_95608,CHEBI_95608_CHEBI_96528,Diastereomers,Stereo-resolution pairs,78.0,diastereomer,stereo_resolution
CHEBI_133755,CHEBI_133754,CHEBI_133754_CHEBI_133755,Diastereomers,Stereo-resolution pairs,100.0,diastereomer,stereo_resolution
CHEBI_223297,CHEBI_223302,CHEBI_223297_CHEBI_223302,Diastereomers,Stereo-resolution pairs,79.0,diastereomer,stereo_resolution
CHEBI_130244,CHEBI_125993,CHEBI_125993_CHEBI_130244,Diastereomers,Stereo-resolution pairs,76.0,diastereomer,stereo_resolution
CHEBI_79924,CHEBI_79826,CHEBI_79826_CHEBI_79924,Diastereomers,Stereo-resolution pairs,100.0,diastereomer,stereo_resolution
CHEBI_221090,CHEBI_210209,CHEBI_210209_CHEBI_221090,Diastereomers,Stereo-resolution pairs,80.0,diastereomer,stereo_resolution
CHEBI_128830,CHEBI_130709,CHEBI_128830_CHEBI_130709,Diastereomers,Stereo-resolution pairs,77.0,diastereomer,stereo_resolution
CHEBI_147063,CHEBI_152787,CHEBI_147063_CHEBI_152787,Diastereomers,Stereo-resolution pairs,75.0,diastereomer,stereo_resolution
CHEBI_126987,CHEBI_128776,CHEBI_126987_CHEBI_128776,Diastereomers,Stereo-resolution pairs,89.0,diastereomer,stereo_resolution
CHEBI_132905,CHEBI_156223,CHEBI_132905_CHEBI_156223,Diastereomers,Stereo-resolution pairs,85.0,diastereomer,stereo_resolution
CHEBI_227074,CHEBI_222684,CHEBI_222684_CHEBI_227074,Diastereomers,Stereo-resolution pairs,82.0,diastereomer,stereo_resolution
CHEBI_119745,CHEBI_119570,CHEBI_119570_CHEBI_119745,Diastereomers,Stereo-resolution pairs,82.0,diastereomer,stereo_resolution
CHEBI_130302,CHEBI_126083,CHEBI_126083_CHEBI_130302,Diastereomers,Stereo-resolution pairs,75.0,diastereomer,stereo_resolution
CHEBI_208165,CHEBI_208161,CHEBI_208161_CHEBI_208165,Diastereomers,Stereo-resolution pairs,100.0,diastereomer,stereo_resolution
CHEBI_119616,CHEBI_131294,CHEBI_119616_CHEBI_131294,Diastereomers,Stereo-resolution pairs,78.0,diastereomer,stereo_resolution
CHEBI_71613,CHEBI_71560,CHEBI_71560_CHEBI_71613,Diastereomers,Stereo-resolution pairs,100.0,diastereomer,stereo_resolution
CHEBI_716,CHEBI_2327,CHEBI_2327_CHEBI_716,Diastereomers,Stereo-resolution pairs,75.0,diastereomer,stereo_resolution
CHEBI_112534,CHEBI_112616,CHEBI_112534_CHEBI_112616,Diastereomers,Stereo-resolution pairs,76.0,diastereomer,stereo_resolution
CHEBI_199424,CHEBI_209671,CHEBI_199424_CHEBI_209671,Diastereomers,Stereo-resolution pairs,76.0,diastereomer,stereo_resolution
CHEBI_95665,CHEBI_96561,CHEBI_95665_CHEBI_96561,Diastereomers,Stereo-resolution pairs,79.0,diastereomer,stereo_resolution
CHEBI_2318,CHEBI_5965,CHEBI_2318_CHEBI_5965,Diastereomers,Stereo-resolution pairs,76.0,diastereomer,stereo_resolution
CHEBI_112617,CHEBI_112586,CHEBI_112586_CHEBI_112617,Diastereomers,Stereo-resolution pairs,82.0,diastereomer,stereo_resolution
CHEBI_87835,CHEBI_65077,CHEBI_65077_CHEBI_87835,Diastereomers,Stereo-resolution pairs,76.0,diastereomer,stereo_resolution
CHEBI_198700,CHEBI_208952,CHEBI_198700_CHEBI_208952,Diastereomers,Stereo-resolution pairs,100.0,diastereomer,stereo_resolution
CHEBI_127766,CHEBI_128248,CHEBI_127766_CHEBI_128248,Diastereomers,Stereo-resolution pairs,76.0,diastereomer,stereo_resolution
CHEBI_208141,CHEBI_208125,CHEBI_208125_CHEBI_208141,Diastereomers,Stereo-resolution pairs,100.0,diastereomer,stereo_resolution
CHEBI_206015,CHEBI_214475,CHEBI_206015_CHEBI_214475,Diastereomers,Stereo-resolution pairs,86.0,diastereomer,stereo_resolution
CHEBI_128427,CHEBI_128762,CHEBI_128427_CHEBI_128762,Diastereomers,Stereo-resolution pairs,78.0,diastereomer,stereo_resolution
CHEBI_123669,CHEBI_124901,CHEBI_123669_CHEBI_124901,Diastereomers,Stereo-resolution pairs,79.0,diastereomer,stereo_resolution
CHEBI_130043,CHEBI_129289,CHEBI_129289_CHEBI_130043,Diastereomers,Stereo-resolution pairs,77.0,diastereomer,stereo_resolution
CHEBI_130832,CHEBI_127726,CHEBI_127726_CHEBI_130832,Diastereomers,Stereo-resolution pairs,77.0,diastereomer,stereo_resolution
CHEBI_128283,CHEBI_129409,CHEBI_128283_CHEBI_129409,Diastereomers,Stereo-resolution pairs,100.0,diastereomer,stereo_resolution
CHEBI_217503,CHEBI_203761,CHEBI_203761_CHEBI_217503,Diastereomers,Stereo-resolution pairs,100.0,diastereomer,stereo_resolution
CHEBI_128319,CHEBI_130426,CHEBI_128319_CHEBI_130426,Diastereomers,Stereo-resolution pairs,75.0,diastereomer,stereo_resolution
CHEBI_94877,CHEBI_94923,CHEBI_94877_CHEBI_94923,Diastereomers,Stereo-resolution pairs,78.0,diastereomer,stereo_resolution
CHEBI_67183,CHEBI_67185,CHEBI_67183_CHEBI_67185,Diastereomers,Stereo-resolution pairs,77.0,diastereomer,stereo_resolution
CHEBI_233817,CHEBI_68828,CHEBI_233817_CHEBI_68828,Diastereomers,Enantiomers,100.0,diastereomer,enantiomer
CHEBI_201265,CHEBI_216660,CHEBI_201265_CHEBI_216660,Diastereomers,Stereo-resolution pairs,77.0,diastereomer,stereo_resolution
CHEBI_16777,CHEBI_5568,CHEBI_16777_CHEBI_5568,Diastereomers,Stereo-resolution pairs,75.0,diastereomer,stereo_resolution
CHEBI_197878,CHEBI_217217,CHEBI_197878_CHEBI_217217,Diastereomers,Stereo-resolution pairs,79.0,diastereomer,stereo_resolution
CHEBI_130042,CHEBI_126897,CHEBI_126897_CHEBI_130042,Diastereomers,Stereo-resolution pairs,100.0,diastereomer,stereo_resolution
CHEBI_129581,CHEBI_129884,CHEBI_129581_CHEBI_129884,Diastereomers,Stereo-resolution pairs,88.0,diastereomer,stereo_resolution
CHEBI_127119,CHEBI_130693,CHEBI_127119_CHEBI_130693,Diastereomers,Stereo-resolution pairs,76.0,diastereomer,stereo_resolution
CHEBI_219093,CHEBI_200750,CHEBI_200750_CHEBI_219093,Diastereomers,Stereo-resolution pairs,89.0,diastereomer,stereo_resolution
CHEBI_128258,CHEBI_125743,CHEBI_125743_CHEBI_128258,Diastereomers,Stereo-resolution pairs,77.0,diastereomer,stereo_resolution
CHEBI_129480,CHEBI_128584,CHEBI_128584_CHEBI_129480,Diastereomers,Stereo-resolution pairs,77.0,diastereomer,stereo_resolution
CHEBI_96701,CHEBI_96311,CHEBI_96311_CHEBI_96701,Diastereomers,Stereo-resolution pairs,76.0,diastereomer,stereo_resolution
CHEBI_111724,CHEBI_108778,CHEBI_108778_CHEBI_111724,Diastereomers,Stereo-resolution pairs,76.0,diastereomer,stereo_resolution
CHEBI_70040,CHEBI_70041,CHEBI_70040_CHEBI_70041,Diastereomers,Stereo-resolution pairs,76.0,diastereomer,stereo_resolution
CHEBI_119491,CHEBI_119581,CHEBI_119491_CHEBI_119581,Diastereomers,Stereo-resolution pairs,79.0,diastereomer,stereo_resolution
CHEBI_96407,CHEBI_96689,CHEBI_96407_CHEBI_96689,Diastereomers,Stereo-resolution pairs,76.0,diastereomer,stereo_resolution
CHEBI_127728,CHEBI_128310,CHEBI_127728_CHEBI_128310,Diastereomers,Stereo-resolution pairs,100.0,diastereomer,stereo_resolution
CHEBI_124957,CHEBI_125947,CHEBI_124957_CHEBI_125947,Diastereomers,Stereo-resolution pairs,78.0,diastereomer,stereo_resolution
CHEBI_129809,CHEBI_130013,CHEBI_129809_CHEBI_130013,Diastereomers,Stereo-resolution pairs,82.0,diastereomer,stereo_resolution
CHEBI_129844,CHEBI_130362,CHEBI_129844_CHEBI_130362,Diastereomers,Stereo-resolution pairs,100.0,diastereomer,stereo_resolution
CHEBI_48940,CHEBI_48941,CHEBI_48940_CHEBI_48941,Diastereomers,Stereo-resolution pairs,100.0,diastereomer,stereo_resolution
CHEBI_146140,CHEBI_15717,CHEBI_146140_CHEBI_15717,Diastereomers,Stereo-resolution pairs,88.0,diastereomer,stereo_resolution
CHEBI_26,CHEBI_2317,CHEBI_2317_CHEBI_26,Diastereomers,Stereo-resolution pairs,100.0,diastereomer,stereo_resolution
CHEBI_130786,CHEBI_128921,CHEBI_128921_CHEBI_130786,Diastereomers,Stereo-resolution pairs,77.0,diastereomer,stereo_resolution
CHEBI_128618,CHEBI_127513,CHEBI_127513_CHEBI_128618,Diastereomers,Stereo-resolution pairs,76.0,diastereomer,stereo_resolution
CHEBI_201837,CHEBI_210516,CHEBI_201837_CHEBI_210516,Diastereomers,Stereo-resolution pairs,100.0,diastereomer,stereo_resolution
CHEBI_127318,CHEBI_129565,CHEBI_127318_CHEBI_129565,Diastereomers,Stereo-resolution pairs,100.0,diastereomer,stereo_resolution
CHEBI_130730,CHEBI_127475,CHEBI_127475_CHEBI_130730,Diastereomers,Stereo-resolution pairs,100.0,diastereomer,stereo_resolution
CHEBI_130831,CHEBI_127674,CHEBI_127674_CHEBI_130831,Diastereomers,Stereo-resolution pairs,100.0,diastereomer,stereo_resolution
CHEBI_129152,CHEBI_126055,CHEBI_126055_CHEBI_129152,Diastereomers,Stereo-resolution pairs,79.0,diastereomer,stereo_resolution
CHEBI_200301,CHEBI_200741,CHEBI_200301_CHEBI_200741,Diastereomers,Stereo-resolution pairs,100.0,diastereomer,stereo_resolution
CHEBI_215189,CHEBI_204084,CHEBI_204084_CHEBI_215189,Diastereomers,Stereo-resolution pairs,88.0,diastereomer,stereo_resolution
CHEBI_108909,CHEBI_108863,CHEBI_108863_CHEBI_108909,Diastereomers,Stereo-resolution pairs,77.0,diastereomer,stereo_resolution
