id1,id2,pair_id,true_class,predicted_class,score_S,correct_prediction
CHEBI_16998,CHEBI_17295,CHEBI_16998_CHEBI_17295,enantiomer,enantiomer,100.0,1
CHEBI_91316,CHEBI_91317,CHEBI_91316_CHEBI_91317,enantiomer,enantiomer,100.0,1
CHEBI_49263,CHEBI_49266,CHEBI_49263_CHEBI_49266,enantiomer,enantiomer,100.0,1
CHEBI_17798,CHEBI_50166,CHEBI_17798_CHEBI_50166,enantiomer,enantiomer,100.0,1
CHEBI_137455,CHEBI_63322,CHEBI_137455_CHEBI_63322,enantiomer,enantiomer,100.0,1
CHEBI_134268,CHEBI_17352,CHEBI_134268_CHEBI_17352,enantiomer,enantiomer,100.0,1
CHEBI_143781,CHEBI_143780,CHEBI_143780_CHEBI_143781,enantiomer,enantiomer,100.0,1
CHEBI_136411,CHEBI_136410,CHEBI_136410_CHEBI_136411,enantiomer,enantiomer,100.0,1
CHEBI_47006,CHEBI_47010,CHEBI_47006_CHEBI_47010,enantiomer,enantiomer,100.0,1
CHEBI_138311,CHEBI_138310,CHEBI_138310_CHEBI_138311,enantiomer,enantiomer,100.0,1
CHEBI_1060,CHEBI_17647,CHEBI_1060_CHEBI_17647,enantiomer,enantiomer,100.0,1
CHEBI_83330,CHEBI_83331,CHEBI_83330_CHEBI_83331,enantiomer,enantiomer,100.0,1
CHEBI_75528,CHEBI_75529,CHEBI_75528_CHEBI_75529,enantiomer,enantiomer,100.0,1
CHEBI_59336,CHEBI_59334,CHEBI_59334_CHEBI_59336,enantiomer,enantiomer,100.0,1
CHEBI_300,CHEBI_128,CHEBI_128_CHEBI_300,enantiomer,enantiomer,100.0,1
CHEBI_29090,CHEBI_17342,CHEBI_17342_CHEBI_29090,enantiomer,enantiomer,100.0,1
CHEBI_38342,CHEBI_39737,CHEBI_38342_CHEBI_39737,enantiomer,enantiomer,100.0,1
CHEBI_39458,CHEBI_39461,CHEBI_39458_CHEBI_39461,enantiomer,enantiomer,100.0,1
CHEBI_83210,CHEBI_83209,CHEBI_83209_CHEBI_83210,enantiomer,enantiomer,100.0,1
CHEBI_68506,CHEBI_67158,CHEBI_67158_CHEBI_68506,enantiomer,enantiomer,100.0,1
CHEBI_64029,CHEBI_64030,CHEBI_64029_CHEBI_64030,enantiomer,enantiomer,100.0,1
CHEBI_59183,CHEBI_59182,CHEBI_59182_CHEBI_59183,enantiomer,enantiomer,100.0,1
CHEBI_155832,CHEBI_155831,CHEBI_155831_CHEBI_155832,enantiomer,enantiomer,100.0,1
CHEBI_231714,CHEBI_231713,CHEBI_231713_CHEBI_231714,enantiomer,enantiomer,100.0,1
CHEBI_60113,CHEBI_60115,CHEBI_60113_CHEBI_60115,enantiomer,enantiomer,100.0,1
CHEBI_37746,CHEBI_40822,CHEBI_37746_CHEBI_40822,enantiomer,enantiomer,100.0,1
CHEBI_75550,CHEBI_75553,CHEBI_75550_CHEBI_75553,enantiomer,enantiomer,100.0,1
CHEBI_49097,CHEBI_18188,CHEBI_18188_CHEBI_49097,enantiomer,enantiomer,100.0,1
CHEBI_50613,CHEBI_50612,CHEBI_50612_CHEBI_50613,enantiomer,enantiomer,100.0,1
CHEBI_141112,CHEBI_141108,CHEBI_141108_CHEBI_141112,enantiomer,enantiomer,100.0,1
CHEBI_41963,CHEBI_17948,CHEBI_17948_CHEBI_41963,enantiomer,enantiomer,100.0,1
CHEBI_155,CHEBI_166,CHEBI_155_CHEBI_166,enantiomer,enantiomer,100.0,1
CHEBI_28880,CHEBI_17710,CHEBI_17710_CHEBI_28880,enantiomer,enantiomer,100.0,1
CHEBI_147384,CHEBI_147385,CHEBI_147384_CHEBI_147385,enantiomer,enantiomer,100.0,1
CHEBI_83692,CHEBI_83691,CHEBI_83691_CHEBI_83692,enantiomer,enantiomer,100.0,1
CHEBI_83735,CHEBI_83733,CHEBI_83733_CHEBI_83735,enantiomer,enantiomer,100.0,1
CHEBI_60371,CHEBI_60370,CHEBI_60370_CHEBI_60371,enantiomer,enantiomer,100.0,1
CHEBI_46702,CHEBI_46705,CHEBI_46702_CHEBI_46705,enantiomer,enantiomer,100.0,1
CHEBI_21248,CHEBI_49011,CHEBI_21248_CHEBI_49011,enantiomer,enantiomer,100.0,1
CHEBI_57447,CHEBI_75322,CHEBI_57447_CHEBI_75322,enantiomer,enantiomer,100.0,1
CHEBI_88347,CHEBI_91140,CHEBI_88347_CHEBI_91140,enantiomer,enantiomer,100.0,1
CHEBI_31,CHEBI_15410,CHEBI_15410_CHEBI_31,enantiomer,enantiomer,100.0,1
CHEBI_37027,CHEBI_37029,CHEBI_37027_CHEBI_37029,enantiomer,enantiomer,100.0,1
CHEBI_32681,CHEBI_32688,CHEBI_32681_CHEBI_32688,enantiomer,enantiomer,100.0,1
CHEBI_138592,CHEBI_138591,CHEBI_138591_CHEBI_138592,enantiomer,enantiomer,100.0,1
CHEBI_28429,CHEBI_48027,CHEBI_28429_CHEBI_48027,enantiomer,enantiomer,100.0,1
CHEBI_131805,CHEBI_131804,CHEBI_131804_CHEBI_131805,enantiomer,enantiomer,100.0,1
CHEBI_184119,CHEBI_156223,CHEBI_156223_CHEBI_184119,enantiomer,enantiomer,100.0,1
CHEBI_11047,CHEBI_10983,CHEBI_10983_CHEBI_11047,enantiomer,enantiomer,100.0,1
CHEBI_77795,CHEBI_77794,CHEBI_77794_CHEBI_77795,enantiomer,enantiomer,100.0,1
CHEBI_30889,CHEBI_151,CHEBI_151_CHEBI_30889,enantiomer,enantiomer,100.0,1
CHEBI_32774,CHEBI_32761,CHEBI_32761_CHEBI_32774,enantiomer,enantiomer,100.0,1
CHEBI_136535,CHEBI_136534,CHEBI_136534_CHEBI_136535,enantiomer,enantiomer,100.0,1
CHEBI_48647,CHEBI_48672,CHEBI_48647_CHEBI_48672,enantiomer,enantiomer,100.0,1
CHEBI_75465,CHEBI_75540,CHEBI_75465_CHEBI_75540,enantiomer,enantiomer,100.0,1
CHEBI_37883,CHEBI_37882,CHEBI_37882_CHEBI_37883,enantiomer,enantiomer,100.0,1
CHEBI_16946,CHEBI_86262,CHEBI_16946_CHEBI_86262,enantiomer,enantiomer,100.0,1
CHEBI_195274,CHEBI_16953,CHEBI_16953_CHEBI_195274,enantiomer,enantiomer,100.0,1
CHEBI_77582,CHEBI_77584,CHEBI_77582_CHEBI_77584,enantiomer,enantiomer,100.0,1
CHEBI_138258,CHEBI_138255,CHEBI_138255_CHEBI_138258,enantiomer,enantiomer,100.0,1
CHEBI_83810,CHEBI_83809,CHEBI_83809_CHEBI_83810,enantiomer,enantiomer,100.0,1
CHEBI_10472,CHEBI_48690,CHEBI_10472_CHEBI_48690,enantiomer,enantiomer,100.0,1
CHEBI_50532,CHEBI_50531,CHEBI_50531_CHEBI_50532,enantiomer,enantiomer,100.0,1
CHEBI_87738,CHEBI_87737,CHEBI_87737_CHEBI_87738,enantiomer,enantiomer,100.0,1
CHEBI_75977,CHEBI_75972,CHEBI_75972_CHEBI_75977,enantiomer,enantiomer,100.0,1
CHEBI_83749,CHEBI_83752,CHEBI_83749_CHEBI_83752,enantiomer,enantiomer,100.0,1
CHEBI_88311,CHEBI_88310,CHEBI_88310_CHEBI_88311,enantiomer,enantiomer,100.0,1
CHEBI_60917,CHEBI_60918,CHEBI_60917_CHEBI_60918,enantiomer,enantiomer,100.0,1
CHEBI_49044,CHEBI_49046,CHEBI_49044_CHEBI_49046,enantiomer,enantiomer,100.0,1
CHEBI_90371,CHEBI_90370,CHEBI_90370_CHEBI_90371,enantiomer,enantiomer,100.0,1
CHEBI_39013,CHEBI_39014,CHEBI_39013_CHEBI_39014,enantiomer,enantiomer,100.0,1
CHEBI_71225,CHEBI_31018,CHEBI_31018_CHEBI_71225,enantiomer,enantiomer,100.0,1
CHEBI_77049,CHEBI_77050,CHEBI_77049_CHEBI_77050,enantiomer,enantiomer,100.0,1
CHEBI_21041,CHEBI_21333,CHEBI_21041_CHEBI_21333,enantiomer,enantiomer,100.0,1
CHEBI_78406,CHEBI_78405,CHEBI_78405_CHEBI_78406,enantiomer,enantiomer,100.0,1
CHEBI_49031,CHEBI_49035,CHEBI_49031_CHEBI_49035,enantiomer,enantiomer,86.0,1
CHEBI_63059,CHEBI_63058,CHEBI_63058_CHEBI_63059,enantiomer,enantiomer,100.0,1
CHEBI_139344,CHEBI_139345,CHEBI_139344_CHEBI_139345,enantiomer,enantiomer,100.0,1
CHEBI_75563,CHEBI_75561,CHEBI_75561_CHEBI_75563,enantiomer,enantiomer,100.0,1
CHEBI_16820,CHEBI_90086,CHEBI_16820_CHEBI_90086,enantiomer,enantiomer,100.0,1
CHEBI_16398,CHEBI_16857,CHEBI_16398_CHEBI_16857,enantiomer,enantiomer,100.0,1
CHEBI_42446,CHEBI_38666,CHEBI_38666_CHEBI_42446,enantiomer,enantiomer,100.0,1
CHEBI_142945,CHEBI_142946,CHEBI_142945_CHEBI_142946,enantiomer,enantiomer,100.0,1
CHEBI_37473,CHEBI_37472,CHEBI_37472_CHEBI_37473,enantiomer,enantiomer,100.0,1
CHEBI_4372,CHEBI_49177,CHEBI_4372_CHEBI_49177,enantiomer,enantiomer,100.0,1
CHEBI_132818,CHEBI_16778,CHEBI_132818_CHEBI_16778,enantiomer,enantiomer,100.0,1
CHEBI_47952,CHEBI_79049,CHEBI_47952_CHEBI_79049,enantiomer,enantiomer,100.0,1
CHEBI_233612,CHEBI_233613,CHEBI_233612_CHEBI_233613,enantiomer,enantiomer,100.0,1
CHEBI_145510,CHEBI_145509,CHEBI_145509_CHEBI_145510,enantiomer,enantiomer,100.0,1
CHEBI_85244,CHEBI_85242,CHEBI_85242_CHEBI_85244,enantiomer,enantiomer,100.0,1
CHEBI_49059,CHEBI_15908,CHEBI_15908_CHEBI_49059,enantiomer,enantiomer,100.0,1
CHEBI_38320,CHEBI_122,CHEBI_122_CHEBI_38320,enantiomer,enantiomer,100.0,1
CHEBI_131970,CHEBI_131969,CHEBI_131969_CHEBI_131970,enantiomer,enantiomer,100.0,1
CHEBI_59206,CHEBI_59207,CHEBI_59206_CHEBI_59207,enantiomer,enantiomer,100.0,1
CHEBI_28159,CHEBI_17196,CHEBI_17196_CHEBI_28159,enantiomer,enantiomer,100.0,1
CHEBI_59189,CHEBI_59188,CHEBI_59188_CHEBI_59189,enantiomer,enantiomer,100.0,1
CHEBI_85637,CHEBI_85636,CHEBI_85636_CHEBI_85637,enantiomer,enantiomer,100.0,1
CHEBI_44916,CHEBI_228220,CHEBI_228220_CHEBI_44916,enantiomer,enantiomer,100.0,1
CHEBI_141408,CHEBI_141409,CHEBI_141408_CHEBI_141409,enantiomer,enantiomer,100.0,1
CHEBI_145533,CHEBI_145534,CHEBI_145533_CHEBI_145534,enantiomer,enantiomer,100.0,1
CHEBI_64243,CHEBI_64244,CHEBI_64243_CHEBI_64244,enantiomer,enantiomer,100.0,1
CHEBI_28313,CHEBI_37,CHEBI_28313_CHEBI_37,enantiomer,enantiomer,100.0,1
CHEBI_48570,CHEBI_48571,CHEBI_48570_CHEBI_48571,enantiomer,enantiomer,100.0,1
CHEBI_51035,CHEBI_51036,CHEBI_51035_CHEBI_51036,enantiomer,enantiomer,100.0,1
CHEBI_83854,CHEBI_83855,CHEBI_83854_CHEBI_83855,enantiomer,enantiomer,100.0,1
CHEBI_33571,CHEBI_18357,CHEBI_18357_CHEBI_33571,enantiomer,enantiomer,100.0,1
CHEBI_73099,CHEBI_73098,CHEBI_73098_CHEBI_73099,enantiomer,enantiomer,100.0,1
CHEBI_18183,CHEBI_16924,CHEBI_16924_CHEBI_18183,enantiomer,enantiomer,100.0,1
CHEBI_57251,CHEBI_60898,CHEBI_57251_CHEBI_60898,enantiomer,enantiomer,100.0,1
CHEBI_143896,CHEBI_143895,CHEBI_143895_CHEBI_143896,enantiomer,enantiomer,100.0,1
CHEBI_77590,CHEBI_77591,CHEBI_77590_CHEBI_77591,enantiomer,enantiomer,100.0,1
CHEBI_62338,CHEBI_74656,CHEBI_62338_CHEBI_74656,enantiomer,enantiomer,100.0,1
CHEBI_49233,CHEBI_49232,CHEBI_49232_CHEBI_49233,enantiomer,enantiomer,100.0,1
CHEBI_233608,CHEBI_233607,CHEBI_233607_CHEBI_233608,enantiomer,enantiomer,100.0,1
CHEBI_38115,CHEBI_38114,CHEBI_38114_CHEBI_38115,enantiomer,enantiomer,100.0,1
CHEBI_90746,CHEBI_91072,CHEBI_90746_CHEBI_91072,enantiomer,enantiomer,100.0,1
CHEBI_133193,CHEBI_131899,CHEBI_131899_CHEBI_133193,enantiomer,enantiomer,100.0,1
CHEBI_88801,CHEBI_113,CHEBI_113_CHEBI_88801,enantiomer,enantiomer,100.0,1
CHEBI_15811,CHEBI_37713,CHEBI_15811_CHEBI_37713,enantiomer,enantiomer,100.0,1
CHEBI_132249,CHEBI_132250,CHEBI_132249_CHEBI_132250,enantiomer,enantiomer,100.0,1
CHEBI_82779,CHEBI_82782,CHEBI_82779_CHEBI_82782,enantiomer,enantiomer,100.0,1
CHEBI_138245,CHEBI_138246,CHEBI_138245_CHEBI_138246,enantiomer,enantiomer,100.0,1
CHEBI_26743,CHEBI_46965,CHEBI_26743_CHEBI_46965,enantiomer,enantiomer,100.0,1
CHEBI_32683,CHEBI_32690,CHEBI_32683_CHEBI_32690,enantiomer,enantiomer,100.0,1
CHEBI_28296,CHEBI_28459,CHEBI_28296_CHEBI_28459,enantiomer,enantiomer,100.0,1
CHEBI_63931,CHEBI_41183,CHEBI_41183_CHEBI_63931,enantiomer,enantiomer,100.0,1
CHEBI_36399,CHEBI_36400,CHEBI_36399_CHEBI_36400,enantiomer,enantiomer,100.0,1
CHEBI_149999,CHEBI_150001,CHEBI_149999_CHEBI_150001,enantiomer,enantiomer,100.0,1
CHEBI_52685,CHEBI_52686,CHEBI_52685_CHEBI_52686,enantiomer,enantiomer,100.0,1
CHEBI_83769,CHEBI_83770,CHEBI_83769_CHEBI_83770,enantiomer,enantiomer,100.0,1
CHEBI_48811,CHEBI_39254,CHEBI_39254_CHEBI_48811,enantiomer,enantiomer,100.0,1
CHEBI_143256,CHEBI_70467,CHEBI_143256_CHEBI_70467,enantiomer,enantiomer,100.0,1
CHEBI_195260,CHEBI_44337,CHEBI_195260_CHEBI_44337,enantiomer,enantiomer,100.0,1
CHEBI_148061,CHEBI_152558,CHEBI_148061_CHEBI_152558,enantiomer,enantiomer,100.0,1
CHEBI_32828,CHEBI_32822,CHEBI_32822_CHEBI_32828,enantiomer,enantiomer,100.0,1
CHEBI_60355,CHEBI_60354,CHEBI_60354_CHEBI_60355,enantiomer,enantiomer,100.0,1
CHEBI_49246,CHEBI_49245,CHEBI_49245_CHEBI_49246,enantiomer,enantiomer,100.0,1
CHEBI_48069,CHEBI_48068,CHEBI_48068_CHEBI_48069,enantiomer,enantiomer,100.0,1
CHEBI_83611,CHEBI_83614,CHEBI_83611_CHEBI_83614,enantiomer,enantiomer,100.0,1
CHEBI_53790,CHEBI_53788,CHEBI_53788_CHEBI_53790,enantiomer,enantiomer,100.0,1
CHEBI_146220,CHEBI_146219,CHEBI_146219_CHEBI_146220,enantiomer,enantiomer,100.0,1
CHEBI_63324,CHEBI_75346,CHEBI_63324_CHEBI_75346,enantiomer,enantiomer,100.0,1
CHEBI_149763,CHEBI_149762,CHEBI_149762_CHEBI_149763,enantiomer,enantiomer,100.0,1
CHEBI_231426,CHEBI_231424,CHEBI_231424_CHEBI_231426,enantiomer,enantiomer,100.0,1
CHEBI_75287,CHEBI_75288,CHEBI_75287_CHEBI_75288,enantiomer,enantiomer,100.0,1
CHEBI_142469,CHEBI_142471,CHEBI_142469_CHEBI_142471,enantiomer,enantiomer,100.0,1
CHEBI_39547,CHEBI_51453,CHEBI_39547_CHEBI_51453,enantiomer,enantiomer,100.0,1
CHEBI_83666,CHEBI_83668,CHEBI_83666_CHEBI_83668,enantiomer,enantiomer,100.0,1
CHEBI_82817,CHEBI_645509,CHEBI_645509_CHEBI_82817,enantiomer,enantiomer,100.0,1
CHEBI_180649,CHEBI_180648,CHEBI_180648_CHEBI_180649,enantiomer,enantiomer,100.0,1
CHEBI_36539,CHEBI_36540,CHEBI_36539_CHEBI_36540,enantiomer,enantiomer,100.0,1
CHEBI_90818,CHEBI_132083,CHEBI_132083_CHEBI_90818,enantiomer,enantiomer,100.0,1
CHEBI_143878,CHEBI_57702,CHEBI_143878_CHEBI_57702,enantiomer,enantiomer,100.0,1
CHEBI_83395,CHEBI_83396,CHEBI_83395_CHEBI_83396,enantiomer,enantiomer,100.0,1
CHEBI_29985,CHEBI_29986,CHEBI_29985_CHEBI_29986,enantiomer,enantiomer,100.0,1
CHEBI_134398,CHEBI_35280,CHEBI_134398_CHEBI_35280,enantiomer,enantiomer,100.0,1
CHEBI_13022,CHEBI_13172,CHEBI_13022_CHEBI_13172,enantiomer,enantiomer,100.0,1
CHEBI_17063,CHEBI_48262,CHEBI_17063_CHEBI_48262,enantiomer,enantiomer,100.0,1
CHEBI_78316,CHEBI_9955,CHEBI_78316_CHEBI_9955,enantiomer,enantiomer,100.0,1
CHEBI_230480,CHEBI_28322,CHEBI_230480_CHEBI_28322,enantiomer,enantiomer,100.0,1
CHEBI_38953,CHEBI_87,CHEBI_38953_CHEBI_87,enantiomer,enantiomer,100.0,1
CHEBI_154259,CHEBI_155672,CHEBI_154259_CHEBI_155672,enantiomer,enantiomer,100.0,1
CHEBI_133986,CHEBI_48905,CHEBI_133986_CHEBI_48905,enantiomer,enantiomer,100.0,1
CHEBI_32436,CHEBI_32432,CHEBI_32432_CHEBI_32436,enantiomer,enantiomer,100.0,1
CHEBI_37870,CHEBI_37871,CHEBI_37870_CHEBI_37871,enantiomer,enantiomer,100.0,1
CHEBI_72452,CHEBI_155701,CHEBI_155701_CHEBI_72452,enantiomer,enantiomer,100.0,1
CHEBI_38567,CHEBI_38568,CHEBI_38567_CHEBI_38568,enantiomer,enantiomer,100.0,1
CHEBI_15671,CHEBI_15672,CHEBI_15671_CHEBI_15672,enantiomer,enantiomer,100.0,1
CHEBI_131752,CHEBI_131753,CHEBI_131752_CHEBI_131753,enantiomer,enantiomer,100.0,1
CHEBI_180847,CHEBI_521391,CHEBI_180847_CHEBI_521391,enantiomer,enantiomer,100.0,1
CHEBI_30022,CHEBI_30021,CHEBI_30021_CHEBI_30022,enantiomer,enantiomer,100.0,1
CHEBI_83371,CHEBI_83367,CHEBI_83367_CHEBI_83371,enantiomer,enantiomer,100.0,1
CHEBI_84010,CHEBI_84009,CHEBI_84009_CHEBI_84010,enantiomer,enantiomer,100.0,1
CHEBI_132623,CHEBI_6695,CHEBI_132623_CHEBI_6695,enantiomer,enantiomer,100.0,1
CHEBI_82886,CHEBI_82888,CHEBI_82886_CHEBI_82888,enantiomer,enantiomer,100.0,1
CHEBI_50709,CHEBI_50708,CHEBI_50708_CHEBI_50709,enantiomer,enantiomer,100.0,1
CHEBI_32510,CHEBI_32523,CHEBI_32510_CHEBI_32523,enantiomer,enantiomer,100.0,1
CHEBI_136525,CHEBI_136526,CHEBI_136525_CHEBI_136526,enantiomer,enantiomer,100.0,1
CHEBI_37630,CHEBI_17925,CHEBI_17925_CHEBI_37630,enantiomer,enantiomer,100.0,1
CHEBI_149676,CHEBI_145731,CHEBI_145731_CHEBI_149676,enantiomer,enantiomer,100.0,1
CHEBI_144487,CHEBI_144481,CHEBI_144481_CHEBI_144487,enantiomer,enantiomer,100.0,1
CHEBI_18354,CHEBI_18288,CHEBI_18288_CHEBI_18354,enantiomer,enantiomer,100.0,1
CHEBI_17943,CHEBI_48290,CHEBI_17943_CHEBI_48290,enantiomer,enantiomer,100.0,1
CHEBI_73132,CHEBI_73133,CHEBI_73132_CHEBI_73133,enantiomer,enantiomer,100.0,1
CHEBI_83587,CHEBI_83588,CHEBI_83587_CHEBI_83588,enantiomer,enantiomer,100.0,1
CHEBI_49308,CHEBI_49309,CHEBI_49308_CHEBI_49309,enantiomer,enantiomer,100.0,1
CHEBI_75284,CHEBI_75285,CHEBI_75284_CHEBI_75285,enantiomer,enantiomer,100.0,1
CHEBI_15655,CHEBI_39573,CHEBI_15655_CHEBI_39573,enantiomer,enantiomer,100.0,1
CHEBI_75731,CHEBI_75725,CHEBI_75725_CHEBI_75731,enantiomer,enantiomer,100.0,1
CHEBI_18332,CHEBI_30659,CHEBI_18332_CHEBI_30659,enantiomer,enantiomer,100.0,1
CHEBI_76979,CHEBI_76982,CHEBI_76979_CHEBI_76982,enantiomer,enantiomer,100.0,1
CHEBI_48666,CHEBI_48657,CHEBI_48657_CHEBI_48666,enantiomer,enantiomer,100.0,1
CHEBI_145946,CHEBI_58270,CHEBI_145946_CHEBI_58270,enantiomer,enantiomer,100.0,1
CHEBI_43796,CHEBI_30314,CHEBI_30314_CHEBI_43796,enantiomer,enantiomer,100.0,1
CHEBI_32682,CHEBI_32689,CHEBI_32682_CHEBI_32689,enantiomer,enantiomer,100.0,1
CHEBI_82870,CHEBI_82871,CHEBI_82870_CHEBI_82871,enantiomer,enantiomer,100.0,1
CHEBI_16467,CHEBI_15816,CHEBI_15816_CHEBI_16467,enantiomer,enantiomer,100.0,1
CHEBI_16347,CHEBI_11060,CHEBI_11060_CHEBI_16347,enantiomer,enantiomer,100.0,1
CHEBI_27812,CHEBI_53125,CHEBI_27812_CHEBI_53125,enantiomer,enantiomer,100.0,1
CHEBI_75747,CHEBI_32330,CHEBI_32330_CHEBI_75747,enantiomer,enantiomer,100.0,1
CHEBI_77059,CHEBI_80,CHEBI_77059_CHEBI_80,enantiomer,enantiomer,100.0,1
CHEBI_131853,CHEBI_131854,CHEBI_131853_CHEBI_131854,enantiomer,enantiomer,100.0,1
CHEBI_84019,CHEBI_84017,CHEBI_84017_CHEBI_84019,enantiomer,enantiomer,100.0,1
CHEBI_83179,CHEBI_83178,CHEBI_83178_CHEBI_83179,enantiomer,enantiomer,100.0,1
CHEBI_139042,CHEBI_139041,CHEBI_139041_CHEBI_139042,enantiomer,enantiomer,100.0,1
CHEBI_138363,CHEBI_138362,CHEBI_138362_CHEBI_138363,enantiomer,enantiomer,100.0,1
CHEBI_53129,CHEBI_53126,CHEBI_53126_CHEBI_53129,enantiomer,enantiomer,100.0,1
CHEBI_48336,CHEBI_47518,CHEBI_47518_CHEBI_48336,enantiomer,enantiomer,100.0,1
CHEBI_48603,CHEBI_48602,CHEBI_48602_CHEBI_48603,enantiomer,enantiomer,100.0,1
CHEBI_59302,CHEBI_59301,CHEBI_59301_CHEBI_59302,enantiomer,enantiomer,100.0,1
CHEBI_37535,CHEBI_37536,CHEBI_37535_CHEBI_37536,enantiomer,enantiomer,100.0,1
CHEBI_60955,CHEBI_63323,CHEBI_60955_CHEBI_63323,enantiomer,enantiomer,100.0,1
CHEBI_146296,CHEBI_17786,CHEBI_146296_CHEBI_17786,enantiomer,enantiomer,100.0,1
CHEBI_18314,CHEBI_28804,CHEBI_18314_CHEBI_28804,enantiomer,enantiomer,84.0,1
CHEBI_132303,CHEBI_132302,CHEBI_132302_CHEBI_132303,enantiomer,enantiomer,100.0,1
CHEBI_138332,CHEBI_34126,CHEBI_138332_CHEBI_34126,enantiomer,enantiomer,100.0,1
CHEBI_16083,CHEBI_112106,CHEBI_112106_CHEBI_16083,enantiomer,enantiomer,100.0,1
CHEBI_131956,CHEBI_67889,CHEBI_131956_CHEBI_67889,enantiomer,enantiomer,100.0,1
CHEBI_16206,CHEBI_48868,CHEBI_16206_CHEBI_48868,enantiomer,enantiomer,100.0,1
CHEBI_37626,CHEBI_42758,CHEBI_37626_CHEBI_42758,enantiomer,enantiomer,100.0,1
CHEBI_148418,CHEBI_152858,CHEBI_148418_CHEBI_152858,enantiomer,enantiomer,100.0,1
CHEBI_48344,CHEBI_47520,CHEBI_47520_CHEBI_48344,enantiomer,enantiomer,100.0,1
CHEBI_64316,CHEBI_64035,CHEBI_64035_CHEBI_64316,enantiomer,enantiomer,100.0,1
CHEBI_27913,CHEBI_16023,CHEBI_16023_CHEBI_27913,enantiomer,enantiomer,100.0,1
CHEBI_137346,CHEBI_137347,CHEBI_137346_CHEBI_137347,enantiomer,enantiomer,100.0,1
CHEBI_59707,CHEBI_59706,CHEBI_59706_CHEBI_59707,enantiomer,enantiomer,100.0,1
CHEBI_76101,CHEBI_76105,CHEBI_76101_CHEBI_76105,enantiomer,enantiomer,100.0,1
CHEBI_49109,CHEBI_15772,CHEBI_15772_CHEBI_49109,enantiomer,enantiomer,100.0,1
CHEBI_51510,CHEBI_51509,CHEBI_51509_CHEBI_51510,enantiomer,enantiomer,100.0,1
CHEBI_78836,CHEBI_137567,CHEBI_137567_CHEBI_78836,enantiomer,enantiomer,100.0,1
CHEBI_6178,CHEBI_79054,CHEBI_6178_CHEBI_79054,enantiomer,enantiomer,100.0,1
CHEBI_36776,CHEBI_15392,CHEBI_15392_CHEBI_36776,enantiomer,enantiomer,100.0,1
CHEBI_137486,CHEBI_137456,CHEBI_137456_CHEBI_137486,enantiomer,enantiomer,100.0,1
CHEBI_301,CHEBI_367,CHEBI_301_CHEBI_367,enantiomer,enantiomer,100.0,1
CHEBI_53769,CHEBI_53768,CHEBI_53768_CHEBI_53769,enantiomer,enantiomer,100.0,1
CHEBI_76139,CHEBI_76142,CHEBI_76139_CHEBI_76142,enantiomer,enantiomer,100.0,1
CHEBI_70507,CHEBI_142834,CHEBI_142834_CHEBI_70507,enantiomer,enantiomer,100.0,1
CHEBI_137349,CHEBI_137350,CHEBI_137349_CHEBI_137350,enantiomer,enantiomer,100.0,1
CHEBI_51857,CHEBI_51860,CHEBI_51857_CHEBI_51860,enantiomer,enantiomer,100.0,1
CHEBI_138437,CHEBI_85635,CHEBI_138437_CHEBI_85635,enantiomer,enantiomer,100.0,1
CHEBI_64006,CHEBI_75833,CHEBI_64006_CHEBI_75833,enantiomer,enantiomer,100.0,1
CHEBI_17399,CHEBI_17140,CHEBI_17140_CHEBI_17399,enantiomer,enantiomer,100.0,1
CHEBI_422,CHEBI_42111,CHEBI_42111_CHEBI_422,enantiomer,enantiomer,100.0,1
CHEBI_141611,CHEBI_141609,CHEBI_141609_CHEBI_141611,enantiomer,enantiomer,100.0,1
CHEBI_142830,CHEBI_142771,CHEBI_142771_CHEBI_142830,enantiomer,enantiomer,100.0,1
CHEBI_133315,CHEBI_133312,CHEBI_133312_CHEBI_133315,enantiomer,enantiomer,100.0,1
CHEBI_48280,CHEBI_48281,CHEBI_48280_CHEBI_48281,enantiomer,enantiomer,100.0,1
CHEBI_12931,CHEBI_53071,CHEBI_12931_CHEBI_53071,enantiomer,enantiomer,100.0,1
CHEBI_57466,CHEBI_133985,CHEBI_133985_CHEBI_57466,enantiomer,enantiomer,100.0,1
CHEBI_83140,CHEBI_83141,CHEBI_83140_CHEBI_83141,enantiomer,enantiomer,100.0,1
CHEBI_32751,CHEBI_32744,CHEBI_32744_CHEBI_32751,enantiomer,enantiomer,100.0,1
CHEBI_15657,CHEBI_134247,CHEBI_134247_CHEBI_15657,enantiomer,enantiomer,100.0,1
CHEBI_17780,CHEBI_43186,CHEBI_17780_CHEBI_43186,enantiomer,enantiomer,90.0,1
CHEBI_141479,CHEBI_141478,CHEBI_141478_CHEBI_141479,enantiomer,enantiomer,100.0,1
CHEBI_83603,CHEBI_83604,CHEBI_83603_CHEBI_83604,enantiomer,enantiomer,100.0,1
CHEBI_16712,CHEBI_48291,CHEBI_16712_CHEBI_48291,enantiomer,enantiomer,100.0,1
CHEBI_131935,CHEBI_131934,CHEBI_131934_CHEBI_131935,enantiomer,enantiomer,100.0,1
CHEBI_37719,CHEBI_37728,CHEBI_37719_CHEBI_37728,enantiomer,enantiomer,100.0,1
CHEBI_153974,CHEBI_150524,CHEBI_150524_CHEBI_153974,enantiomer,enantiomer,100.0,1
CHEBI_227,CHEBI_232,CHEBI_227_CHEBI_232,enantiomer,enantiomer,100.0,1
CHEBI_166971,CHEBI_166970,CHEBI_166970_CHEBI_166971,enantiomer,enantiomer,100.0,1
CHEBI_33094,CHEBI_16320,CHEBI_16320_CHEBI_33094,enantiomer,enantiomer,100.0,1
CHEBI_48297,CHEBI_48298,CHEBI_48297_CHEBI_48298,enantiomer,enantiomer,100.0,1
CHEBI_32450,CHEBI_32443,CHEBI_32443_CHEBI_32450,enantiomer,enantiomer,100.0,1
CHEBI_4464,CHEBI_52013,CHEBI_4464_CHEBI_52013,enantiomer,enantiomer,100.0,1
CHEBI_44715,CHEBI_44808,CHEBI_44715_CHEBI_44808,enantiomer,enantiomer,100.0,1
CHEBI_86045,CHEBI_57589,CHEBI_57589_CHEBI_86045,enantiomer,enantiomer,100.0,1
CHEBI_17191,CHEBI_27730,CHEBI_17191_CHEBI_27730,enantiomer,enantiomer,100.0,1
CHEBI_67226,CHEBI_67224,CHEBI_67224_CHEBI_67226,enantiomer,enantiomer,100.0,1
CHEBI_16734,CHEBI_74640,CHEBI_16734_CHEBI_74640,enantiomer,enantiomer,100.0,1
CHEBI_38690,CHEBI_18664,CHEBI_18664_CHEBI_38690,enantiomer,enantiomer,100.0,1
CHEBI_83636,CHEBI_83633,CHEBI_83633_CHEBI_83636,enantiomer,enantiomer,100.0,1
CHEBI_50026,CHEBI_28359,CHEBI_28359_CHEBI_50026,enantiomer,enantiomer,100.0,1
CHEBI_75384,CHEBI_75383,CHEBI_75383_CHEBI_75384,enantiomer,enantiomer,100.0,1
CHEBI_142853,CHEBI_142852,CHEBI_142852_CHEBI_142853,enantiomer,enantiomer,100.0,1
CHEBI_40656,CHEBI_37740,CHEBI_37740_CHEBI_40656,enantiomer,enantiomer,100.0,1
CHEBI_30897,CHEBI_15563,CHEBI_15563_CHEBI_30897,enantiomer,enantiomer,100.0,1
CHEBI_78389,CHEBI_78388,CHEBI_78388_CHEBI_78389,enantiomer,enantiomer,100.0,1
CHEBI_37695,CHEBI_37701,CHEBI_37695_CHEBI_37701,enantiomer,enantiomer,100.0,1
CHEBI_136530,CHEBI_136529,CHEBI_136529_CHEBI_136530,enantiomer,enantiomer,100.0,1
CHEBI_127106,CHEBI_127151,CHEBI_127106_CHEBI_127151,enantiomer,enantiomer,100.0,1
CHEBI_232459,CHEBI_232353,CHEBI_232353_CHEBI_232459,enantiomer,enantiomer,100.0,1
CHEBI_48351,CHEBI_48352,CHEBI_48351_CHEBI_48352,enantiomer,enantiomer,100.0,1
CHEBI_59290,CHEBI_59289,CHEBI_59289_CHEBI_59290,enantiomer,enantiomer,100.0,1
CHEBI_9398,CHEBI_142548,CHEBI_142548_CHEBI_9398,enantiomer,enantiomer,100.0,1
CHEBI_77045,CHEBI_77044,CHEBI_77044_CHEBI_77045,enantiomer,enantiomer,100.0,1
CHEBI_15600,CHEBI_33992,CHEBI_15600_CHEBI_33992,enantiomer,enantiomer,100.0,1
CHEBI_63598,CHEBI_46577,CHEBI_46577_CHEBI_63598,enantiomer,enantiomer,100.0,1
CHEBI_143083,CHEBI_29737,CHEBI_143083_CHEBI_29737,enantiomer,enantiomer,100.0,1
CHEBI_192378,CHEBI_49336,CHEBI_192378_CHEBI_49336,enantiomer,enantiomer,100.0,1
CHEBI_83831,CHEBI_83830,CHEBI_83830_CHEBI_83831,enantiomer,enantiomer,100.0,1
CHEBI_75468,CHEBI_75558,CHEBI_75468_CHEBI_75558,enantiomer,enantiomer,100.0,1
CHEBI_16292,CHEBI_17100,CHEBI_16292_CHEBI_17100,enantiomer,enantiomer,100.0,1
CHEBI_190007,CHEBI_190006,CHEBI_190006_CHEBI_190007,enantiomer,enantiomer,100.0,1
CHEBI_84006,CHEBI_84007,CHEBI_84006_CHEBI_84007,enantiomer,enantiomer,100.0,1
CHEBI_131520,CHEBI_131517,CHEBI_131517_CHEBI_131520,enantiomer,enantiomer,100.0,1
CHEBI_44964,CHEBI_43422,CHEBI_43422_CHEBI_44964,enantiomer,enantiomer,100.0,1
CHEBI_60778,CHEBI_60779,CHEBI_60778_CHEBI_60779,enantiomer,enantiomer,100.0,1
CHEBI_59329,CHEBI_59328,CHEBI_59328_CHEBI_59329,enantiomer,enantiomer,100.0,1
CHEBI_75542,CHEBI_64757,CHEBI_64757_CHEBI_75542,enantiomer,enantiomer,100.0,1
CHEBI_64774,CHEBI_64773,CHEBI_64773_CHEBI_64774,enantiomer,enantiomer,100.0,1
CHEBI_134199,CHEBI_134198,CHEBI_134198_CHEBI_134199,enantiomer,enantiomer,100.0,1
CHEBI_145414,CHEBI_145413,CHEBI_145413_CHEBI_145414,enantiomer,enantiomer,100.0,1
CHEBI_18743,CHEBI_18657,CHEBI_18657_CHEBI_18743,enantiomer,enantiomer,100.0,1
CHEBI_49008,CHEBI_49009,CHEBI_49008_CHEBI_49009,enantiomer,enantiomer,100.0,1
CHEBI_47808,CHEBI_47809,CHEBI_47808_CHEBI_47809,enantiomer,enantiomer,100.0,1
CHEBI_138594,CHEBI_138593,CHEBI_138593_CHEBI_138594,enantiomer,enantiomer,100.0,1
CHEBI_146290,CHEBI_77913,CHEBI_146290_CHEBI_77913,enantiomer,enantiomer,100.0,1
CHEBI_50470,CHEBI_44632,CHEBI_44632_CHEBI_50470,enantiomer,enantiomer,100.0,1
CHEBI_15382,CHEBI_15383,CHEBI_15382_CHEBI_15383,enantiomer,enantiomer,100.0,1
CHEBI_76132,CHEBI_76131,CHEBI_76131_CHEBI_76132,enantiomer,enantiomer,100.0,1
CHEBI_17459,CHEBI_18202,CHEBI_17459_CHEBI_18202,enantiomer,enantiomer,100.0,1
CHEBI_39312,CHEBI_39310,CHEBI_39310_CHEBI_39312,enantiomer,enantiomer,100.0,1
CHEBI_86359,CHEBI_33198,CHEBI_33198_CHEBI_86359,enantiomer,enantiomer,100.0,1
CHEBI_83673,CHEBI_83674,CHEBI_83673_CHEBI_83674,enantiomer,enantiomer,100.0,1
CHEBI_18333,CHEBI_18403,CHEBI_18333_CHEBI_18403,enantiomer,enantiomer,100.0,1
CHEBI_53771,CHEBI_53772,CHEBI_53771_CHEBI_53772,enantiomer,enantiomer,100.0,1
CHEBI_138739,CHEBI_138740,CHEBI_138739_CHEBI_138740,enantiomer,enantiomer,100.0,1
CHEBI_34146,CHEBI_34144,CHEBI_34144_CHEBI_34146,enantiomer,enantiomer,100.0,1
CHEBI_15394,CHEBI_15393,CHEBI_15393_CHEBI_15394,enantiomer,enantiomer,100.0,1
CHEBI_15412,CHEBI_28785,CHEBI_15412_CHEBI_28785,enantiomer,enantiomer,100.0,1
CHEBI_144637,CHEBI_18240,CHEBI_144637_CHEBI_18240,enantiomer,enantiomer,100.0,1
CHEBI_228255,CHEBI_35146,CHEBI_228255_CHEBI_35146,enantiomer,enantiomer,100.0,1
CHEBI_16259,CHEBI_28203,CHEBI_16259_CHEBI_28203,enantiomer,enantiomer,100.0,1
CHEBI_59804,CHEBI_59805,CHEBI_59804_CHEBI_59805,enantiomer,enantiomer,100.0,1
CHEBI_34486,CHEBI_34484,CHEBI_34484_CHEBI_34486,enantiomer,enantiomer,100.0,1
CHEBI_75854,CHEBI_77127,CHEBI_75854_CHEBI_77127,enantiomer,enantiomer,100.0,1
CHEBI_75503,CHEBI_75526,CHEBI_75503_CHEBI_75526,enantiomer,enantiomer,100.0,1
CHEBI_28479,CHEBI_17895,CHEBI_17895_CHEBI_28479,enantiomer,enantiomer,87.0,1
CHEBI_76146,CHEBI_76145,CHEBI_76145_CHEBI_76146,enantiomer,enantiomer,100.0,1
CHEBI_145026,CHEBI_27605,CHEBI_145026_CHEBI_27605,enantiomer,enantiomer,100.0,1
CHEBI_169979,CHEBI_15406,CHEBI_15406_CHEBI_169979,enantiomer,enantiomer,100.0,1
CHEBI_177081,CHEBI_177089,CHEBI_177081_CHEBI_177089,enantiomer,enantiomer,100.0,1
CHEBI_192823,CHEBI_192821,CHEBI_192821_CHEBI_192823,enantiomer,enantiomer,100.0,1
CHEBI_74959,CHEBI_37788,CHEBI_37788_CHEBI_74959,enantiomer,enantiomer,100.0,1
CHEBI_21557,CHEBI_85210,CHEBI_21557_CHEBI_85210,enantiomer,enantiomer,100.0,1
CHEBI_37094,CHEBI_37095,CHEBI_37094_CHEBI_37095,enantiomer,enantiomer,100.0,1
CHEBI_71048,CHEBI_79200,CHEBI_71048_CHEBI_79200,enantiomer,enantiomer,100.0,1
CHEBI_48969,CHEBI_48968,CHEBI_48968_CHEBI_48969,enantiomer,enantiomer,100.0,1
CHEBI_20899,CHEBI_43433,CHEBI_20899_CHEBI_43433,enantiomer,enantiomer,100.0,1
CHEBI_49207,CHEBI_49204,CHEBI_49204_CHEBI_49207,enantiomer,enantiomer,100.0,1
CHEBI_75592,CHEBI_40009,CHEBI_40009_CHEBI_75592,enantiomer,enantiomer,100.0,1
CHEBI_50032,CHEBI_50033,CHEBI_50032_CHEBI_50033,enantiomer,enantiomer,100.0,1
CHEBI_149,CHEBI_50235,CHEBI_149_CHEBI_50235,enantiomer,enantiomer,100.0,1
CHEBI_18155,CHEBI_49181,CHEBI_18155_CHEBI_49181,enantiomer,enantiomer,100.0,1
CHEBI_49220,CHEBI_49221,CHEBI_49220_CHEBI_49221,enantiomer,enantiomer,100.0,1
CHEBI_194428,CHEBI_67849,CHEBI_194428_CHEBI_67849,enantiomer,enantiomer,100.0,1
CHEBI_91180,CHEBI_57633,CHEBI_57633_CHEBI_91180,enantiomer,enantiomer,100.0,1
CHEBI_64063,CHEBI_64062,CHEBI_64062_CHEBI_64063,enantiomer,enantiomer,100.0,1
CHEBI_136737,CHEBI_136738,CHEBI_136737_CHEBI_136738,enantiomer,enantiomer,100.0,1
CHEBI_37874,CHEBI_37873,CHEBI_37873_CHEBI_37874,enantiomer,enantiomer,100.0,1
CHEBI_144571,CHEBI_42600,CHEBI_144571_CHEBI_42600,enantiomer,enantiomer,100.0,1
CHEBI_48092,CHEBI_48093,CHEBI_48092_CHEBI_48093,enantiomer,enantiomer,100.0,1
CHEBI_78392,CHEBI_78391,CHEBI_78391_CHEBI_78392,enantiomer,enantiomer,100.0,1
CHEBI_37544,CHEBI_37543,CHEBI_37543_CHEBI_37544,enantiomer,enantiomer,100.0,1
CHEBI_77790,CHEBI_77792,CHEBI_77790_CHEBI_77792,enantiomer,enantiomer,100.0,1
CHEBI_137939,CHEBI_137938,CHEBI_137938_CHEBI_137939,enantiomer,enantiomer,100.0,1
CHEBI_30655,CHEBI_30657,CHEBI_30655_CHEBI_30657,enantiomer,enantiomer,100.0,1
CHEBI_42112,CHEBI_17013,CHEBI_17013_CHEBI_42112,enantiomer,enantiomer,100.0,1
CHEBI_77501,CHEBI_77502,CHEBI_77501_CHEBI_77502,enantiomer,enantiomer,100.0,1
CHEBI_41917,CHEBI_49069,CHEBI_41917_CHEBI_49069,enantiomer,enantiomer,100.0,1
CHEBI_75546,CHEBI_75466,CHEBI_75466_CHEBI_75546,enantiomer,enantiomer,100.0,1
CHEBI_59467,CHEBI_59468,CHEBI_59467_CHEBI_59468,enantiomer,enantiomer,100.0,1
CHEBI_48453,CHEBI_48450,CHEBI_48450_CHEBI_48453,enantiomer,enantiomer,100.0,1
CHEBI_77852,CHEBI_77895,CHEBI_77852_CHEBI_77895,enantiomer,enantiomer,100.0,1
CHEBI_46962,CHEBI_45719,CHEBI_45719_CHEBI_46962,enantiomer,enantiomer,100.0,1
CHEBI_39255,CHEBI_39256,CHEBI_39255_CHEBI_39256,enantiomer,enantiomer,100.0,1
CHEBI_6268,CHEBI_134538,CHEBI_134538_CHEBI_6268,enantiomer,enantiomer,100.0,1
CHEBI_144575,CHEBI_144576,CHEBI_144575_CHEBI_144576,enantiomer,enantiomer,100.0,1
CHEBI_15388,CHEBI_15389,CHEBI_15388_CHEBI_15389,enantiomer,enantiomer,100.0,1
CHEBI_75463,CHEBI_75533,CHEBI_75463_CHEBI_75533,enantiomer,enantiomer,100.0,1
CHEBI_147374,CHEBI_147373,CHEBI_147373_CHEBI_147374,enantiomer,enantiomer,100.0,1
CHEBI_15677,CHEBI_15678,CHEBI_15677_CHEBI_15678,enantiomer,enantiomer,100.0,1
CHEBI_32841,CHEBI_32837,CHEBI_32837_CHEBI_32841,enantiomer,enantiomer,100.0,1
CHEBI_228221,CHEBI_39685,CHEBI_228221_CHEBI_39685,enantiomer,enantiomer,100.0,1
CHEBI_16004,CHEBI_16651,CHEBI_16004_CHEBI_16651,enantiomer,enantiomer,100.0,1
CHEBI_65004,CHEBI_67247,CHEBI_65004_CHEBI_67247,enantiomer,enantiomer,100.0,1
CHEBI_32827,CHEBI_32820,CHEBI_32820_CHEBI_32827,enantiomer,enantiomer,100.0,1
CHEBI_82980,CHEBI_82981,CHEBI_82980_CHEBI_82981,enantiomer,enantiomer,100.0,1
CHEBI_147437,CHEBI_147436,CHEBI_147436_CHEBI_147437,enantiomer,enantiomer,100.0,1
CHEBI_144540,CHEBI_144541,CHEBI_144540_CHEBI_144541,enantiomer,enantiomer,100.0,1
CHEBI_59261,CHEBI_59260,CHEBI_59260_CHEBI_59261,enantiomer,enantiomer,100.0,1
CHEBI_176527,CHEBI_60997,CHEBI_176527_CHEBI_60997,enantiomer,enantiomer,100.0,1
CHEBI_38249,CHEBI_50245,CHEBI_38249_CHEBI_50245,enantiomer,enantiomer,100.0,1
CHEBI_136655,CHEBI_90850,CHEBI_136655_CHEBI_90850,enantiomer,enantiomer,100.0,1
CHEBI_137154,CHEBI_137183,CHEBI_137154_CHEBI_137183,enantiomer,enantiomer,100.0,1
CHEBI_131800,CHEBI_131796,CHEBI_131796_CHEBI_131800,enantiomer,enantiomer,100.0,1
CHEBI_16633,CHEBI_30001,CHEBI_16633_CHEBI_30001,enantiomer,enantiomer,100.0,1
CHEBI_83780,CHEBI_83781,CHEBI_83780_CHEBI_83781,enantiomer,enantiomer,100.0,1
CHEBI_51384,CHEBI_29073,CHEBI_29073_CHEBI_51384,enantiomer,enantiomer,100.0,1
CHEBI_139081,CHEBI_139080,CHEBI_139080_CHEBI_139081,enantiomer,enantiomer,100.0,1
CHEBI_32445,CHEBI_32451,CHEBI_32445_CHEBI_32451,enantiomer,enantiomer,100.0,1
CHEBI_39105,CHEBI_39104,CHEBI_39104_CHEBI_39105,enantiomer,enantiomer,100.0,1
CHEBI_60389,CHEBI_58336,CHEBI_58336_CHEBI_60389,enantiomer,enantiomer,100.0,1
CHEBI_138329,CHEBI_58038,CHEBI_138329_CHEBI_58038,enantiomer,enantiomer,100.0,1
CHEBI_156574,CHEBI_156573,CHEBI_156573_CHEBI_156574,enantiomer,enantiomer,100.0,1
CHEBI_29052,CHEBI_48932,CHEBI_29052_CHEBI_48932,enantiomer,enantiomer,100.0,1
CHEBI_82791,CHEBI_60607,CHEBI_60607_CHEBI_82791,enantiomer,enantiomer,100.0,1
CHEBI_78693,CHEBI_78694,CHEBI_78693_CHEBI_78694,enantiomer,enantiomer,100.0,1
CHEBI_87740,CHEBI_87739,CHEBI_87739_CHEBI_87740,enantiomer,enantiomer,100.0,1
CHEBI_17656,CHEBI_32800,CHEBI_17656_CHEBI_32800,enantiomer,enantiomer,100.0,1
CHEBI_6432,CHEBI_77282,CHEBI_6432_CHEBI_77282,enantiomer,enantiomer,100.0,1
CHEBI_90109,CHEBI_88099,CHEBI_88099_CHEBI_90109,enantiomer,enantiomer,100.0,1
CHEBI_222169,CHEBI_221278,CHEBI_221278_CHEBI_222169,enantiomer,enantiomer,100.0,1
CHEBI_50944,CHEBI_50945,CHEBI_50944_CHEBI_50945,enantiomer,enantiomer,100.0,1
CHEBI_176632,CHEBI_176631,CHEBI_176631_CHEBI_176632,enantiomer,enantiomer,100.0,1
CHEBI_15603,CHEBI_28225,CHEBI_15603_CHEBI_28225,enantiomer,enantiomer,100.0,1
CHEBI_77650,CHEBI_77651,CHEBI_77650_CHEBI_77651,enantiomer,enantiomer,100.0,1
CHEBI_30913,CHEBI_41582,CHEBI_30913_CHEBI_41582,enantiomer,enantiomer,100.0,1
CHEBI_136835,CHEBI_136836,CHEBI_136835_CHEBI_136836,enantiomer,enantiomer,100.0,1
CHEBI_39466,CHEBI_9599,CHEBI_39466_CHEBI_9599,enantiomer,enantiomer,100.0,1
CHEBI_38972,CHEBI_38973,CHEBI_38972_CHEBI_38973,enantiomer,enantiomer,100.0,1
CHEBI_83406,CHEBI_84982,CHEBI_83406_CHEBI_84982,enantiomer,enantiomer,100.0,1
CHEBI_4075,CHEBI_136675,CHEBI_136675_CHEBI_4075,enantiomer,enantiomer,100.0,1
CHEBI_75576,CHEBI_75575,CHEBI_75575_CHEBI_75576,enantiomer,enantiomer,100.0,1
CHEBI_10965,CHEBI_16845,CHEBI_10965_CHEBI_16845,enantiomer,enantiomer,100.0,1
CHEBI_43029,CHEBI_15375,CHEBI_15375_CHEBI_43029,enantiomer,enantiomer,100.0,1
CHEBI_157630,CHEBI_157629,CHEBI_157629_CHEBI_157630,enantiomer,enantiomer,100.0,1
CHEBI_62413,CHEBI_141212,CHEBI_141212_CHEBI_62413,enantiomer,enantiomer,100.0,1
CHEBI_153460,CHEBI_148580,CHEBI_148580_CHEBI_153460,enantiomer,enantiomer,100.0,1
CHEBI_64310,CHEBI_77555,CHEBI_64310_CHEBI_77555,enantiomer,enantiomer,100.0,1
CHEBI_74611,CHEBI_83222,CHEBI_74611_CHEBI_83222,enantiomer,enantiomer,100.0,1
CHEBI_131975,CHEBI_131974,CHEBI_131974_CHEBI_131975,enantiomer,enantiomer,100.0,1
CHEBI_134081,CHEBI_134082,CHEBI_134081_CHEBI_134082,enantiomer,enantiomer,100.0,1
CHEBI_137360,CHEBI_137361,CHEBI_137360_CHEBI_137361,enantiomer,enantiomer,100.0,1
CHEBI_37655,CHEBI_49058,CHEBI_37655_CHEBI_49058,enantiomer,enantiomer,100.0,1
CHEBI_38652,CHEBI_38651,CHEBI_38651_CHEBI_38652,enantiomer,enantiomer,100.0,1
CHEBI_132274,CHEBI_132275,CHEBI_132274_CHEBI_132275,enantiomer,enantiomer,100.0,1
CHEBI_46750,CHEBI_92,CHEBI_46750_CHEBI_92,enantiomer,enantiomer,100.0,1
CHEBI_50618,CHEBI_50617,CHEBI_50617_CHEBI_50618,enantiomer,enantiomer,100.0,1
CHEBI_34071,CHEBI_75571,CHEBI_34071_CHEBI_75571,enantiomer,enantiomer,100.0,1
CHEBI_55408,CHEBI_55407,CHEBI_55407_CHEBI_55408,enantiomer,enantiomer,100.0,1
CHEBI_132223,CHEBI_132225,CHEBI_132223_CHEBI_132225,enantiomer,enantiomer,100.0,1
CHEBI_59262,CHEBI_59263,CHEBI_59262_CHEBI_59263,enantiomer,enantiomer,100.0,1
CHEBI_60920,CHEBI_60922,CHEBI_60920_CHEBI_60922,enantiomer,enantiomer,100.0,1
CHEBI_36941,CHEBI_18450,CHEBI_18450_CHEBI_36941,enantiomer,enantiomer,100.0,1
CHEBI_80751,CHEBI_183228,CHEBI_183228_CHEBI_80751,enantiomer,enantiomer,100.0,1
CHEBI_34001,CHEBI_33998,CHEBI_33998_CHEBI_34001,enantiomer,enantiomer,100.0,1
CHEBI_195478,CHEBI_78502,CHEBI_195478_CHEBI_78502,enantiomer,enantiomer,100.0,1
CHEBI_131510,CHEBI_131511,CHEBI_131510_CHEBI_131511,enantiomer,enantiomer,100.0,1
CHEBI_59747,CHEBI_59746,CHEBI_59746_CHEBI_59747,enantiomer,enantiomer,100.0,1
CHEBI_78035,CHEBI_78034,CHEBI_78034_CHEBI_78035,enantiomer,enantiomer,100.0,1
CHEBI_44962,CHEBI_439819,CHEBI_439819_CHEBI_44962,enantiomer,enantiomer,100.0,1
CHEBI_32773,CHEBI_32760,CHEBI_32760_CHEBI_32773,enantiomer,enantiomer,100.0,1
CHEBI_49243,CHEBI_49244,CHEBI_49243_CHEBI_49244,enantiomer,enantiomer,100.0,1
CHEBI_50282,CHEBI_50283,CHEBI_50282_CHEBI_50283,enantiomer,enantiomer,100.0,1
CHEBI_83911,CHEBI_83906,CHEBI_83906_CHEBI_83911,enantiomer,enantiomer,100.0,1
CHEBI_152825,CHEBI_152854,CHEBI_152825_CHEBI_152854,enantiomer,enantiomer,100.0,1
CHEBI_88324,CHEBI_88325,CHEBI_88324_CHEBI_88325,enantiomer,enantiomer,100.0,1
CHEBI_32638,CHEBI_32632,CHEBI_32632_CHEBI_32638,enantiomer,enantiomer,100.0,1
CHEBI_91058,CHEBI_91059,CHEBI_91058_CHEBI_91059,enantiomer,enantiomer,100.0,1
CHEBI_51684,CHEBI_5601,CHEBI_51684_CHEBI_5601,enantiomer,enantiomer,100.0,1
CHEBI_77736,CHEBI_77734,CHEBI_77734_CHEBI_77736,enantiomer,enantiomer,100.0,1
CHEBI_77839,CHEBI_77841,CHEBI_77839_CHEBI_77841,enantiomer,enantiomer,100.0,1
CHEBI_158,CHEBI_152,CHEBI_152_CHEBI_158,enantiomer,enantiomer,100.0,1
CHEBI_36443,CHEBI_36444,CHEBI_36443_CHEBI_36444,enantiomer,enantiomer,100.0,1
CHEBI_59823,CHEBI_59821,CHEBI_59821_CHEBI_59823,enantiomer,enantiomer,100.0,1
CHEBI_137458,CHEBI_137459,CHEBI_137458_CHEBI_137459,enantiomer,enantiomer,100.0,1
CHEBI_78323,CHEBI_78322,CHEBI_78322_CHEBI_78323,enantiomer,enantiomer,100.0,1
CHEBI_16585,CHEBI_32969,CHEBI_16585_CHEBI_32969,enantiomer,enantiomer,60.0,1
CHEBI_39464,CHEBI_8207,CHEBI_39464_CHEBI_8207,enantiomer,enantiomer,100.0,1
CHEBI_38300,CHEBI_27706,CHEBI_27706_CHEBI_38300,enantiomer,enantiomer,100.0,1
CHEBI_136718,CHEBI_136690,CHEBI_136690_CHEBI_136718,enantiomer,enantiomer,100.0,1
CHEBI_16501,CHEBI_16157,CHEBI_16157_CHEBI_16501,enantiomer,enantiomer,100.0,1
CHEBI_27442,CHEBI_42589,CHEBI_27442_CHEBI_42589,enantiomer,enantiomer,100.0,1
CHEBI_131514,CHEBI_131516,CHEBI_131514_CHEBI_131516,enantiomer,enantiomer,100.0,1
CHEBI_150666,CHEBI_152069,CHEBI_150666_CHEBI_152069,enantiomer,enantiomer,100.0,1
CHEBI_10359,CHEBI_61746,CHEBI_10359_CHEBI_61746,enantiomer,enantiomer,100.0,1
CHEBI_133311,CHEBI_133313,CHEBI_133311_CHEBI_133313,enantiomer,enantiomer,100.0,1
CHEBI_136697,CHEBI_136696,CHEBI_136696_CHEBI_136697,enantiomer,enantiomer,100.0,1
CHEBI_17210,CHEBI_27996,CHEBI_17210_CHEBI_27996,enantiomer,enantiomer,100.0,1
CHEBI_17159,CHEBI_50447,CHEBI_17159_CHEBI_50447,enantiomer,enantiomer,100.0,1
CHEBI_76141,CHEBI_76147,CHEBI_76141_CHEBI_76147,enantiomer,enantiomer,100.0,1
CHEBI_4886,CHEBI_68663,CHEBI_4886_CHEBI_68663,enantiomer,enantiomer,100.0,1
CHEBI_211,CHEBI_29001,CHEBI_211_CHEBI_29001,enantiomer,enantiomer,100.0,1
CHEBI_15558,CHEBI_63989,CHEBI_15558_CHEBI_63989,enantiomer,enantiomer,100.0,1
CHEBI_79008,CHEBI_59806,CHEBI_59806_CHEBI_79008,enantiomer,enantiomer,100.0,1
CHEBI_40886,CHEBI_46996,CHEBI_40886_CHEBI_46996,enantiomer,enantiomer,100.0,1
CHEBI_16154,CHEBI_87753,CHEBI_16154_CHEBI_87753,enantiomer,enantiomer,100.0,1
CHEBI_26797,CHEBI_51008,CHEBI_26797_CHEBI_51008,enantiomer,enantiomer,100.0,1
CHEBI_34498,CHEBI_63331,CHEBI_34498_CHEBI_63331,enantiomer,enantiomer,100.0,1
CHEBI_29988,CHEBI_29989,CHEBI_29988_CHEBI_29989,enantiomer,enantiomer,100.0,1
CHEBI_37467,CHEBI_37468,CHEBI_37467_CHEBI_37468,enantiomer,enantiomer,100.0,1
CHEBI_27975,CHEBI_17378,CHEBI_17378_CHEBI_27975,enantiomer,enantiomer,100.0,1
CHEBI_139541,CHEBI_139583,CHEBI_139541_CHEBI_139583,enantiomer,enantiomer,100.0,1
CHEBI_29994,CHEBI_29993,CHEBI_29993_CHEBI_29994,enantiomer,enantiomer,100.0,1
CHEBI_83136,CHEBI_83135,CHEBI_83135_CHEBI_83136,enantiomer,enantiomer,100.0,1
CHEBI_53130,CHEBI_53131,CHEBI_53130_CHEBI_53131,enantiomer,enantiomer,100.0,1
CHEBI_48307,CHEBI_17702,CHEBI_17702_CHEBI_48307,enantiomer,enantiomer,100.0,1
CHEBI_42548,CHEBI_42564,CHEBI_42548_CHEBI_42564,enantiomer,enantiomer,100.0,1
CHEBI_36215,CHEBI_36216,CHEBI_36215_CHEBI_36216,enantiomer,enantiomer,100.0,1
CHEBI_192262,CHEBI_192261,CHEBI_192261_CHEBI_192262,enantiomer,enantiomer,100.0,1
CHEBI_75472,CHEBI_75573,CHEBI_75472_CHEBI_75573,enantiomer,enantiomer,100.0,1
CHEBI_64119,CHEBI_64122,CHEBI_64119_CHEBI_64122,enantiomer,enantiomer,100.0,1
CHEBI_37023,CHEBI_37025,CHEBI_37023_CHEBI_37025,enantiomer,enantiomer,100.0,1
CHEBI_48677,CHEBI_10295,CHEBI_10295_CHEBI_48677,enantiomer,enantiomer,100.0,1
CHEBI_17290,CHEBI_17066,CHEBI_17066_CHEBI_17290,enantiomer,enantiomer,100.0,1
CHEBI_48678,CHEBI_48645,CHEBI_48645_CHEBI_48678,enantiomer,enantiomer,100.0,1
CHEBI_191215,CHEBI_191216,CHEBI_191215_CHEBI_191216,enantiomer,enantiomer,100.0,1
CHEBI_48950,CHEBI_144635,CHEBI_144635_CHEBI_48950,enantiomer,enantiomer,100.0,1
CHEBI_27736,CHEBI_28456,CHEBI_27736_CHEBI_28456,enantiomer,enantiomer,100.0,1
CHEBI_143263,CHEBI_143262,CHEBI_143262_CHEBI_143263,enantiomer,enantiomer,100.0,1
CHEBI_83124,CHEBI_83119,CHEBI_83119_CHEBI_83124,enantiomer,enantiomer,100.0,1
CHEBI_32704,CHEBI_32717,CHEBI_32704_CHEBI_32717,enantiomer,enantiomer,100.0,1
CHEBI_145806,CHEBI_10782,CHEBI_10782_CHEBI_145806,enantiomer,enantiomer,100.0,1
CHEBI_37101,CHEBI_37103,CHEBI_37101_CHEBI_37103,enantiomer,enantiomer,100.0,1
CHEBI_75733,CHEBI_75734,CHEBI_75733_CHEBI_75734,enantiomer,enantiomer,100.0,1
CHEBI_37374,CHEBI_42539,CHEBI_37374_CHEBI_42539,enantiomer,enantiomer,100.0,1
CHEBI_38874,CHEBI_38875,CHEBI_38874_CHEBI_38875,enantiomer,enantiomer,100.0,1
CHEBI_37100,CHEBI_37099,CHEBI_37099_CHEBI_37100,enantiomer,enantiomer,100.0,1
CHEBI_228262,CHEBI_209277,CHEBI_209277_CHEBI_228262,enantiomer,enantiomer,100.0,1
CHEBI_83843,CHEBI_83844,CHEBI_83843_CHEBI_83844,enantiomer,enantiomer,100.0,1
CHEBI_36496,CHEBI_36492,CHEBI_36492_CHEBI_36496,enantiomer,enantiomer,100.0,1
CHEBI_48704,CHEBI_48702,CHEBI_48702_CHEBI_48704,enantiomer,enantiomer,100.0,1
CHEBI_15399,CHEBI_15400,CHEBI_15399_CHEBI_15400,enantiomer,enantiomer,100.0,1
CHEBI_55355,CHEBI_47356,CHEBI_47356_CHEBI_55355,enantiomer,enantiomer,100.0,1
CHEBI_32864,CHEBI_32868,CHEBI_32864_CHEBI_32868,enantiomer,enantiomer,100.0,1
CHEBI_43445,CHEBI_18027,CHEBI_18027_CHEBI_43445,enantiomer,enantiomer,100.0,1
CHEBI_75126,CHEBI_75131,CHEBI_75126_CHEBI_75131,enantiomer,enantiomer,100.0,1
CHEBI_135777,CHEBI_180904,CHEBI_135777_CHEBI_180904,enantiomer,enantiomer,100.0,1
CHEBI_4093,CHEBI_37741,CHEBI_37741_CHEBI_4093,enantiomer,enantiomer,100.0,1
CHEBI_42724,CHEBI_4469,CHEBI_42724_CHEBI_4469,enantiomer,enantiomer,100.0,1
CHEBI_47,CHEBI_49212,CHEBI_47_CHEBI_49212,enantiomer,enantiomer,100.0,1
CHEBI_75580,CHEBI_75578,CHEBI_75578_CHEBI_75580,enantiomer,enantiomer,100.0,1
CHEBI_83008,CHEBI_83009,CHEBI_83008_CHEBI_83009,enantiomer,enantiomer,100.0,1
CHEBI_75374,CHEBI_75373,CHEBI_75373_CHEBI_75374,enantiomer,enantiomer,100.0,1
CHEBI_75999,CHEBI_76001,CHEBI_75999_CHEBI_76001,enantiomer,enantiomer,100.0,1
CHEBI_59842,CHEBI_59843,CHEBI_59842_CHEBI_59843,enantiomer,enantiomer,100.0,1
CHEBI_82867,CHEBI_82868,CHEBI_82867_CHEBI_82868,enantiomer,enantiomer,100.0,1
CHEBI_58667,CHEBI_17388,CHEBI_17388_CHEBI_58667,enantiomer,enantiomer,100.0,1
CHEBI_17428,CHEBI_16718,CHEBI_16718_CHEBI_17428,enantiomer,enantiomer,100.0,1
CHEBI_6885,CHEBI_50794,CHEBI_50794_CHEBI_6885,enantiomer,enantiomer,100.0,1
CHEBI_49162,CHEBI_49158,CHEBI_49158_CHEBI_49162,enantiomer,enantiomer,100.0,1
CHEBI_77602,CHEBI_77603,CHEBI_77602_CHEBI_77603,enantiomer,enantiomer,100.0,1
CHEBI_32608,CHEBI_32604,CHEBI_32604_CHEBI_32608,enantiomer,enantiomer,100.0,1
CHEBI_155877,CHEBI_149545,CHEBI_149545_CHEBI_155877,enantiomer,enantiomer,100.0,1
CHEBI_100,CHEBI_6714,CHEBI_100_CHEBI_6714,enantiomer,enantiomer,100.0,1
CHEBI_138608,CHEBI_138588,CHEBI_138588_CHEBI_138608,enantiomer,enantiomer,100.0,1
CHEBI_48031,CHEBI_48032,CHEBI_48031_CHEBI_48032,enantiomer,enantiomer,100.0,1
CHEBI_138006,CHEBI_138003,CHEBI_138003_CHEBI_138006,enantiomer,enantiomer,100.0,1
CHEBI_59846,CHEBI_59847,CHEBI_59846_CHEBI_59847,enantiomer,enantiomer,100.0,1
CHEBI_76118,CHEBI_76115,CHEBI_76115_CHEBI_76118,enantiomer,enantiomer,100.0,1
CHEBI_87744,CHEBI_87743,CHEBI_87743_CHEBI_87744,enantiomer,enantiomer,100.0,1
CHEBI_20,CHEBI_89,CHEBI_20_CHEBI_89,enantiomer,enantiomer,100.0,1
CHEBI_42106,CHEBI_42170,CHEBI_42106_CHEBI_42170,enantiomer,enantiomer,100.0,1
CHEBI_39162,CHEBI_17688,CHEBI_17688_CHEBI_39162,enantiomer,enantiomer,100.0,1
CHEBI_48095,CHEBI_37724,CHEBI_37724_CHEBI_48095,enantiomer,enantiomer,100.0,1
CHEBI_143260,CHEBI_143259,CHEBI_143259_CHEBI_143260,enantiomer,enantiomer,100.0,1
CHEBI_59256,CHEBI_59255,CHEBI_59255_CHEBI_59256,enantiomer,enantiomer,100.0,1
CHEBI_77423,CHEBI_77422,CHEBI_77422_CHEBI_77423,enantiomer,enantiomer,100.0,1
CHEBI_51862,CHEBI_51861,CHEBI_51861_CHEBI_51862,enantiomer,enantiomer,100.0,1
CHEBI_7959,CHEBI_50869,CHEBI_50869_CHEBI_7959,enantiomer,enantiomer,100.0,1
CHEBI_32777,CHEBI_32759,CHEBI_32759_CHEBI_32777,enantiomer,enantiomer,100.0,1
CHEBI_133214,CHEBI_133215,CHEBI_133214_CHEBI_133215,enantiomer,enantiomer,100.0,1
CHEBI_51329,CHEBI_144552,CHEBI_144552_CHEBI_51329,enantiomer,enantiomer,100.0,1
CHEBI_53,CHEBI_129,CHEBI_129_CHEBI_53,enantiomer,enantiomer,100.0,1
CHEBI_30797,CHEBI_30796,CHEBI_30796_CHEBI_30797,enantiomer,enantiomer,100.0,1
CHEBI_43065,CHEBI_32978,CHEBI_32978_CHEBI_43065,enantiomer,enantiomer,100.0,1
CHEBI_138118,CHEBI_138119,CHEBI_138118_CHEBI_138119,enantiomer,enantiomer,100.0,1
CHEBI_177086,CHEBI_177085,CHEBI_177085_CHEBI_177086,enantiomer,enantiomer,100.0,1
CHEBI_50029,CHEBI_50028,CHEBI_50028_CHEBI_50029,enantiomer,enantiomer,100.0,1
CHEBI_48447,CHEBI_48446,CHEBI_48446_CHEBI_48447,enantiomer,enantiomer,100.0,1
CHEBI_32637,CHEBI_32631,CHEBI_32631_CHEBI_32637,enantiomer,enantiomer,100.0,1
CHEBI_137116,CHEBI_137152,CHEBI_137116_CHEBI_137152,enantiomer,enantiomer,100.0,1
CHEBI_131501,CHEBI_131500,CHEBI_131500_CHEBI_131501,enantiomer,enantiomer,100.0,1
CHEBI_39337,CHEBI_39338,CHEBI_39337_CHEBI_39338,enantiomer,enantiomer,100.0,1
CHEBI_193073,CHEBI_82799,CHEBI_193073_CHEBI_82799,enantiomer,enantiomer,100.0,1
CHEBI_49071,CHEBI_49070,CHEBI_49070_CHEBI_49071,enantiomer,enantiomer,100.0,1
CHEBI_47014,CHEBI_47015,CHEBI_47014_CHEBI_47015,enantiomer,enantiomer,100.0,1
CHEBI_10576,CHEBI_142493,CHEBI_10576_CHEBI_142493,enantiomer,enantiomer,100.0,1
CHEBI_110390,CHEBI_110424,CHEBI_110390_CHEBI_110424,enantiomer,enantiomer,100.0,1
CHEBI_15589,CHEBI_15588,CHEBI_15588_CHEBI_15589,enantiomer,enantiomer,100.0,1
CHEBI_144038,CHEBI_144031,CHEBI_144031_CHEBI_144038,enantiomer,enantiomer,100.0,1
CHEBI_137948,CHEBI_137945,CHEBI_137945_CHEBI_137948,enantiomer,enantiomer,100.0,1
CHEBI_76950,CHEBI_76943,CHEBI_76943_CHEBI_76950,enantiomer,enantiomer,100.0,1
CHEBI_74324,CHEBI_32398,CHEBI_32398_CHEBI_74324,enantiomer,enantiomer,100.0,1
CHEBI_41595,CHEBI_36515,CHEBI_36515_CHEBI_41595,enantiomer,enantiomer,100.0,1
CHEBI_141111,CHEBI_141109,CHEBI_141109_CHEBI_141111,enantiomer,enantiomer,100.0,1
CHEBI_50900,CHEBI_6443,CHEBI_50900_CHEBI_6443,enantiomer,enantiomer,100.0,1
CHEBI_18039,CHEBI_35265,CHEBI_18039_CHEBI_35265,enantiomer,enantiomer,100.0,1
CHEBI_59305,CHEBI_59304,CHEBI_59304_CHEBI_59305,enantiomer,enantiomer,100.0,1
CHEBI_76120,CHEBI_76116,CHEBI_76116_CHEBI_76120,enantiomer,enantiomer,100.0,1
CHEBI_153,CHEBI_50232,CHEBI_153_CHEBI_50232,enantiomer,enantiomer,100.0,1
CHEBI_49208,CHEBI_49213,CHEBI_49208_CHEBI_49213,enantiomer,enantiomer,100.0,1
CHEBI_126352,CHEBI_126432,CHEBI_126352_CHEBI_126432,enantiomer,enantiomer,100.0,1
CHEBI_18226,CHEBI_17532,CHEBI_17532_CHEBI_18226,enantiomer,enantiomer,100.0,1
CHEBI_32666,CHEBI_32673,CHEBI_32666_CHEBI_32673,enantiomer,enantiomer,100.0,1
CHEBI_149443,CHEBI_149444,CHEBI_149443_CHEBI_149444,enantiomer,enantiomer,100.0,1
CHEBI_83558,CHEBI_83559,CHEBI_83558_CHEBI_83559,enantiomer,enantiomer,100.0,1
CHEBI_48790,CHEBI_48786,CHEBI_48786_CHEBI_48790,enantiomer,enantiomer,100.0,1
CHEBI_32435,CHEBI_32431,CHEBI_32431_CHEBI_32435,enantiomer,enantiomer,100.0,1
CHEBI_17167,CHEBI_18041,CHEBI_17167_CHEBI_18041,enantiomer,enantiomer,100.0,1
CHEBI_62752,CHEBI_62751,CHEBI_62751_CHEBI_62752,enantiomer,enantiomer,100.0,1
CHEBI_49282,CHEBI_49286,CHEBI_49282_CHEBI_49286,enantiomer,enantiomer,100.0,1
CHEBI_141489,CHEBI_141488,CHEBI_141488_CHEBI_141489,enantiomer,enantiomer,100.0,1
CHEBI_177024,CHEBI_231969,CHEBI_177024_CHEBI_231969,enantiomer,enantiomer,100.0,1
CHEBI_59479,CHEBI_59480,CHEBI_59479_CHEBI_59480,enantiomer,enantiomer,100.0,1
CHEBI_63081,CHEBI_408174,CHEBI_408174_CHEBI_63081,enantiomer,enantiomer,100.0,1
CHEBI_142858,CHEBI_142859,CHEBI_142858_CHEBI_142859,enantiomer,enantiomer,100.0,1
CHEBI_21077,CHEBI_87765,CHEBI_21077_CHEBI_87765,enantiomer,enantiomer,100.0,1
CHEBI_50009,CHEBI_50008,CHEBI_50008_CHEBI_50009,enantiomer,enantiomer,100.0,1
CHEBI_15978,CHEBI_16221,CHEBI_15978_CHEBI_16221,enantiomer,enantiomer,100.0,1
CHEBI_28985,CHEBI_28982,CHEBI_28982_CHEBI_28985,enantiomer,enantiomer,100.0,1
CHEBI_77594,CHEBI_77595,CHEBI_77594_CHEBI_77595,enantiomer,enantiomer,100.0,1
CHEBI_134275,CHEBI_47693,CHEBI_134275_CHEBI_47693,enantiomer,enantiomer,100.0,1
CHEBI_139239,CHEBI_139270,CHEBI_139239_CHEBI_139270,enantiomer,enantiomer,100.0,1
CHEBI_145205,CHEBI_50579,CHEBI_145205_CHEBI_50579,enantiomer,enantiomer,100.0,1
CHEBI_78393,CHEBI_78394,CHEBI_78393_CHEBI_78394,enantiomer,enantiomer,100.0,1
CHEBI_39119,CHEBI_39122,CHEBI_39119_CHEBI_39122,enantiomer,enantiomer,100.0,1
CHEBI_83592,CHEBI_83595,CHEBI_83592_CHEBI_83595,enantiomer,enantiomer,100.0,1
CHEBI_53760,CHEBI_53762,CHEBI_53760_CHEBI_53762,enantiomer,enantiomer,100.0,1
CHEBI_28918,CHEBI_40751,CHEBI_28918_CHEBI_40751,enantiomer,enantiomer,100.0,1
CHEBI_32442,CHEBI_32449,CHEBI_32442_CHEBI_32449,enantiomer,enantiomer,100.0,1
CHEBI_83270,CHEBI_83269,CHEBI_83269_CHEBI_83270,enantiomer,enantiomer,100.0,1
CHEBI_32672,CHEBI_32665,CHEBI_32665_CHEBI_32672,enantiomer,enantiomer,100.0,1
CHEBI_32650,CHEBI_32656,CHEBI_32650_CHEBI_32656,enantiomer,enantiomer,100.0,1
CHEBI_143877,CHEBI_57877,CHEBI_143877_CHEBI_57877,enantiomer,enantiomer,100.0,1
CHEBI_48527,CHEBI_43035,CHEBI_43035_CHEBI_48527,enantiomer,enantiomer,100.0,1
CHEBI_139033,CHEBI_139034,CHEBI_139033_CHEBI_139034,enantiomer,enantiomer,100.0,1
CHEBI_17118,CHEBI_37617,CHEBI_17118_CHEBI_37617,enantiomer,enantiomer,100.0,1
CHEBI_34496,CHEBI_78730,CHEBI_34496_CHEBI_78730,enantiomer,enantiomer,100.0,1
CHEBI_83597,CHEBI_83596,CHEBI_83596_CHEBI_83597,enantiomer,enantiomer,100.0,1
CHEBI_51058,CHEBI_51059,CHEBI_51058_CHEBI_51059,enantiomer,enantiomer,100.0,1
CHEBI_15408,CHEBI_6041,CHEBI_15408_CHEBI_6041,enantiomer,enantiomer,100.0,1
CHEBI_75471,CHEBI_75569,CHEBI_75471_CHEBI_75569,enantiomer,enantiomer,100.0,1
CHEBI_16387,CHEBI_17041,CHEBI_16387_CHEBI_17041,enantiomer,enantiomer,100.0,1
CHEBI_9577,CHEBI_50043,CHEBI_50043_CHEBI_9577,enantiomer,enantiomer,100.0,1
CHEBI_3828,CHEBI_437678,CHEBI_3828_CHEBI_437678,enantiomer,enantiomer,100.0,1
CHEBI_83655,CHEBI_83653,CHEBI_83653_CHEBI_83655,enantiomer,enantiomer,100.0,1
CHEBI_143880,CHEBI_143879,CHEBI_143879_CHEBI_143880,enantiomer,enantiomer,100.0,1
CHEBI_60893,CHEBI_17576,CHEBI_17576_CHEBI_60893,enantiomer,enantiomer,100.0,1
CHEBI_9399,CHEBI_142550,CHEBI_142550_CHEBI_9399,enantiomer,enantiomer,100.0,1
CHEBI_28151,CHEBI_30939,CHEBI_28151_CHEBI_30939,enantiomer,enantiomer,100.0,1
CHEBI_42280,CHEBI_37000,CHEBI_37000_CHEBI_42280,enantiomer,enantiomer,100.0,1
CHEBI_32948,CHEBI_32947,CHEBI_32947_CHEBI_32948,enantiomer,enantiomer,100.0,1
CHEBI_27667,CHEBI_37620,CHEBI_27667_CHEBI_37620,enantiomer,enantiomer,100.0,1
CHEBI_77072,CHEBI_77071,CHEBI_77071_CHEBI_77072,enantiomer,enantiomer,100.0,1
CHEBI_75537,CHEBI_75536,CHEBI_75536_CHEBI_75537,enantiomer,enantiomer,100.0,1
CHEBI_76955,CHEBI_76953,CHEBI_76953_CHEBI_76955,enantiomer,enantiomer,100.0,1
CHEBI_47796,CHEBI_47795,CHEBI_47795_CHEBI_47796,enantiomer,enantiomer,100.0,1
CHEBI_156271,CHEBI_156284,CHEBI_156271_CHEBI_156284,enantiomer,enantiomer,100.0,1
CHEBI_55393,CHEBI_55358,CHEBI_55358_CHEBI_55393,enantiomer,enantiomer,100.0,1
CHEBI_47002,CHEBI_47005,CHEBI_47002_CHEBI_47005,enantiomer,enantiomer,100.0,1
CHEBI_145753,CHEBI_145758,CHEBI_145753_CHEBI_145758,enantiomer,enantiomer,100.0,1
CHEBI_17721,CHEBI_38113,CHEBI_17721_CHEBI_38113,enantiomer,enantiomer,78.0,1
CHEBI_132251,CHEBI_132247,CHEBI_132247_CHEBI_132251,enantiomer,enantiomer,100.0,1
CHEBI_60360,CHEBI_60359,CHEBI_60359_CHEBI_60360,enantiomer,enantiomer,100.0,1
CHEBI_59820,CHEBI_59822,CHEBI_59820_CHEBI_59822,enantiomer,enantiomer,100.0,1
CHEBI_149673,CHEBI_57295,CHEBI_149673_CHEBI_57295,enantiomer,enantiomer,100.0,1
CHEBI_38719,CHEBI_38720,CHEBI_38719_CHEBI_38720,enantiomer,enantiomer,100.0,1
CHEBI_82858,CHEBI_82859,CHEBI_82858_CHEBI_82859,enantiomer,enantiomer,100.0,1
CHEBI_46983,CHEBI_6182,CHEBI_46983_CHEBI_6182,enantiomer,enantiomer,100.0,1
CHEBI_59185,CHEBI_59184,CHEBI_59184_CHEBI_59185,enantiomer,enantiomer,100.0,1
CHEBI_83646,CHEBI_83647,CHEBI_83646_CHEBI_83647,enantiomer,enantiomer,100.0,1
CHEBI_49219,CHEBI_49218,CHEBI_49218_CHEBI_49219,enantiomer,enantiomer,100.0,1
CHEBI_60842,CHEBI_60840,CHEBI_60840_CHEBI_60842,enantiomer,enantiomer,100.0,1
CHEBI_37681,CHEBI_37675,CHEBI_37675_CHEBI_37681,enantiomer,enantiomer,100.0,1
CHEBI_2365,CHEBI_28937,CHEBI_2365_CHEBI_28937,enantiomer,enantiomer,100.0,1
CHEBI_51014,CHEBI_45389,CHEBI_45389_CHEBI_51014,enantiomer,enantiomer,100.0,1
CHEBI_233610,CHEBI_233609,CHEBI_233609_CHEBI_233610,enantiomer,enantiomer,100.0,1
CHEBI_38109,CHEBI_6198,CHEBI_38109_CHEBI_6198,enantiomer,enantiomer,100.0,1
CHEBI_32776,CHEBI_32763,CHEBI_32763_CHEBI_32776,enantiomer,enantiomer,100.0,1
CHEBI_77606,CHEBI_77607,CHEBI_77606_CHEBI_77607,enantiomer,enantiomer,100.0,1
CHEBI_137167,CHEBI_137166,CHEBI_137166_CHEBI_137167,enantiomer,enantiomer,100.0,1
CHEBI_45525,CHEBI_38655,CHEBI_38655_CHEBI_45525,enantiomer,enantiomer,100.0,1
CHEBI_83607,CHEBI_83608,CHEBI_83607_CHEBI_83608,enantiomer,enantiomer,100.0,1
CHEBI_38246,CHEBI_38245,CHEBI_38245_CHEBI_38246,enantiomer,enantiomer,100.0,1
CHEBI_83730,CHEBI_83731,CHEBI_83730_CHEBI_83731,enantiomer,enantiomer,100.0,1
CHEBI_37005,CHEBI_6151,CHEBI_37005_CHEBI_6151,enantiomer,enantiomer,100.0,1
CHEBI_16313,CHEBI_17203,CHEBI_16313_CHEBI_17203,enantiomer,enantiomer,100.0,1
CHEBI_15390,CHEBI_15391,CHEBI_15390_CHEBI_15391,enantiomer,enantiomer,100.0,1
CHEBI_32526,CHEBI_32513,CHEBI_32513_CHEBI_32526,enantiomer,enantiomer,100.0,1
CHEBI_139077,CHEBI_139078,CHEBI_139077_CHEBI_139078,enantiomer,enantiomer,100.0,1
CHEBI_141610,CHEBI_58125,CHEBI_141610_CHEBI_58125,enantiomer,enantiomer,100.0,1
CHEBI_139543,CHEBI_139585,CHEBI_139543_CHEBI_139585,enantiomer,enantiomer,100.0,1
CHEBI_46430,CHEBI_18145,CHEBI_18145_CHEBI_46430,enantiomer,enantiomer,100.0,1
CHEBI_59959,CHEBI_59958,CHEBI_59958_CHEBI_59959,enantiomer,enantiomer,100.0,1
CHEBI_125833,CHEBI_125805,CHEBI_125805_CHEBI_125833,enantiomer,enantiomer,100.0,1
CHEBI_83759,CHEBI_83761,CHEBI_83759_CHEBI_83761,enantiomer,enantiomer,100.0,1
CHEBI_63237,CHEBI_60961,CHEBI_60961_CHEBI_63237,enantiomer,enantiomer,100.0,1
CHEBI_77814,CHEBI_77815,CHEBI_77814_CHEBI_77815,enantiomer,enantiomer,100.0,1
CHEBI_83933,CHEBI_83932,CHEBI_83932_CHEBI_83933,enantiomer,enantiomer,100.0,1
CHEBI_142229,CHEBI_141994,CHEBI_141994_CHEBI_142229,enantiomer,enantiomer,100.0,1
CHEBI_43703,CHEBI_28645,CHEBI_28645_CHEBI_43703,enantiomer,enantiomer,100.0,1
CHEBI_58413,CHEBI_58182,CHEBI_58182_CHEBI_58413,enantiomer,enantiomer,100.0,1
CHEBI_83720,CHEBI_83722,CHEBI_83720_CHEBI_83722,enantiomer,enantiomer,100.0,1
CHEBI_18515,CHEBI_50244,CHEBI_18515_CHEBI_50244,enantiomer,enantiomer,100.0,1
CHEBI_48673,CHEBI_48648,CHEBI_48648_CHEBI_48673,enantiomer,enantiomer,100.0,1
CHEBI_32742,CHEBI_32747,CHEBI_32742_CHEBI_32747,enantiomer,enantiomer,100.0,1
CHEBI_76267,CHEBI_76268,CHEBI_76267_CHEBI_76268,enantiomer,enantiomer,100.0,1
CHEBI_228211,CHEBI_228219,CHEBI_228211_CHEBI_228219,enantiomer,enantiomer,100.0,1
CHEBI_32494,CHEBI_32486,CHEBI_32486_CHEBI_32494,enantiomer,enantiomer,100.0,1
CHEBI_136598,CHEBI_16303,CHEBI_136598_CHEBI_16303,enantiomer,enantiomer,100.0,1
CHEBI_78417,CHEBI_78418,CHEBI_78417_CHEBI_78418,enantiomer,enantiomer,100.0,1
CHEBI_55392,CHEBI_55357,CHEBI_55357_CHEBI_55392,enantiomer,enantiomer,100.0,1
CHEBI_39589,CHEBI_144094,CHEBI_144094_CHEBI_39589,enantiomer,enantiomer,100.0,1
CHEBI_42255,CHEBI_71227,CHEBI_42255_CHEBI_71227,enantiomer,enantiomer,100.0,1
CHEBI_86261,CHEBI_15604,CHEBI_15604_CHEBI_86261,enantiomer,enantiomer,100.0,1
CHEBI_77459,CHEBI_77458,CHEBI_77458_CHEBI_77459,enantiomer,enantiomer,100.0,1
CHEBI_145503,CHEBI_145502,CHEBI_145502_CHEBI_145503,enantiomer,enantiomer,100.0,1
CHEBI_59180,CHEBI_59179,CHEBI_59179_CHEBI_59180,enantiomer,enantiomer,100.0,1
CHEBI_37729,CHEBI_41005,CHEBI_37729_CHEBI_41005,enantiomer,enantiomer,100.0,1
CHEBI_18703,CHEBI_30633,CHEBI_18703_CHEBI_30633,enantiomer,enantiomer,100.0,1
CHEBI_4466,CHEBI_48555,CHEBI_4466_CHEBI_48555,enantiomer,enantiomer,100.0,1
CHEBI_60781,CHEBI_60780,CHEBI_60780_CHEBI_60781,enantiomer,enantiomer,100.0,1
CHEBI_83011,CHEBI_83012,CHEBI_83011_CHEBI_83012,enantiomer,enantiomer,100.0,1
CHEBI_84018,CHEBI_84020,CHEBI_84018_CHEBI_84020,enantiomer,enantiomer,100.0,1
CHEBI_75712,CHEBI_75703,CHEBI_75703_CHEBI_75712,enantiomer,enantiomer,100.0,1
CHEBI_77454,CHEBI_77453,CHEBI_77453_CHEBI_77454,enantiomer,enantiomer,100.0,1
CHEBI_133765,CHEBI_133766,CHEBI_133765_CHEBI_133766,enantiomer,enantiomer,100.0,1
CHEBI_88314,CHEBI_88315,CHEBI_88314_CHEBI_88315,enantiomer,enantiomer,100.0,1
CHEBI_64298,CHEBI_15395,CHEBI_15395_CHEBI_64298,enantiomer,enantiomer,100.0,1
CHEBI_86995,CHEBI_86993,CHEBI_86993_CHEBI_86995,enantiomer,enantiomer,100.0,1
CHEBI_63704,CHEBI_132906,CHEBI_132906_CHEBI_63704,enantiomer,enantiomer,100.0,1
CHEBI_149304,CHEBI_143624,CHEBI_143624_CHEBI_149304,enantiomer,enantiomer,100.0,1
CHEBI_49845,CHEBI_37597,CHEBI_37597_CHEBI_49845,enantiomer,enantiomer,100.0,1
CHEBI_21332,CHEBI_21040,CHEBI_21040_CHEBI_21332,enantiomer,enantiomer,100.0,1
CHEBI_53764,CHEBI_53765,CHEBI_53764_CHEBI_53765,enantiomer,enantiomer,100.0,1
CHEBI_60775,CHEBI_60776,CHEBI_60775_CHEBI_60776,enantiomer,enantiomer,100.0,1
CHEBI_61737,CHEBI_9578,CHEBI_61737_CHEBI_9578,enantiomer,enantiomer,100.0,1
CHEBI_145403,CHEBI_145404,CHEBI_145403_CHEBI_145404,enantiomer,enantiomer,100.0,1
CHEBI_83337,CHEBI_83333,CHEBI_83333_CHEBI_83337,enantiomer,enantiomer,100.0,1
CHEBI_73030,CHEBI_99,CHEBI_73030_CHEBI_99,enantiomer,enantiomer,100.0,1
CHEBI_83286,CHEBI_83285,CHEBI_83285_CHEBI_83286,enantiomer,enantiomer,100.0,1
CHEBI_53290,CHEBI_53292,CHEBI_53290_CHEBI_53292,enantiomer,enantiomer,100.0,1
CHEBI_147367,CHEBI_147368,CHEBI_147367_CHEBI_147368,enantiomer,enantiomer,100.0,1
CHEBI_28146,CHEBI_17746,CHEBI_17746_CHEBI_28146,enantiomer,enantiomer,100.0,1
CHEBI_90100,CHEBI_90103,CHEBI_90100_CHEBI_90103,enantiomer,enantiomer,100.0,1
CHEBI_49164,CHEBI_49160,CHEBI_49160_CHEBI_49164,enantiomer,enantiomer,100.0,1
CHEBI_83252,CHEBI_106738,CHEBI_106738_CHEBI_83252,enantiomer,enantiomer,100.0,1
CHEBI_81785,CHEBI_86429,CHEBI_81785_CHEBI_86429,enantiomer,enantiomer,100.0,1
CHEBI_59540,CHEBI_40133,CHEBI_40133_CHEBI_59540,enantiomer,enantiomer,100.0,1
CHEBI_149542,CHEBI_149539,CHEBI_149539_CHEBI_149542,enantiomer,enantiomer,100.0,1
CHEBI_32524,CHEBI_32511,CHEBI_32511_CHEBI_32524,enantiomer,enantiomer,100.0,1
CHEBI_142227,CHEBI_141995,CHEBI_141995_CHEBI_142227,enantiomer,enantiomer,100.0,1
CHEBI_83669,CHEBI_83671,CHEBI_83669_CHEBI_83671,enantiomer,enantiomer,100.0,1
CHEBI_167308,CHEBI_136003,CHEBI_136003_CHEBI_167308,enantiomer,enantiomer,100.0,1
CHEBI_133989,CHEBI_134110,CHEBI_133989_CHEBI_134110,enantiomer,enantiomer,100.0,1
CHEBI_149678,CHEBI_145808,CHEBI_145808_CHEBI_149678,enantiomer,enantiomer,100.0,1
CHEBI_371,CHEBI_36750,CHEBI_36750_CHEBI_371,enantiomer,enantiomer,100.0,1
CHEBI_146224,CHEBI_146225,CHEBI_146224_CHEBI_146225,enantiomer,enantiomer,100.0,1
CHEBI_131964,CHEBI_131965,CHEBI_131964_CHEBI_131965,enantiomer,enantiomer,100.0,1
CHEBI_41837,CHEBI_42147,CHEBI_41837_CHEBI_42147,enantiomer,enantiomer,100.0,1
CHEBI_137368,CHEBI_137354,CHEBI_137354_CHEBI_137368,enantiomer,enantiomer,100.0,1
CHEBI_28261,CHEBI_28660,CHEBI_28261_CHEBI_28660,enantiomer,enantiomer,100.0,1
CHEBI_27904,CHEBI_21288,CHEBI_21288_CHEBI_27904,enantiomer,enantiomer,100.0,1
CHEBI_82626,CHEBI_57446,CHEBI_57446_CHEBI_82626,enantiomer,enantiomer,100.0,1
CHEBI_39102,CHEBI_39100,CHEBI_39100_CHEBI_39102,enantiomer,enantiomer,100.0,1
CHEBI_32826,CHEBI_28718,CHEBI_28718_CHEBI_32826,enantiomer,enantiomer,100.0,1
CHEBI_145483,CHEBI_145480,CHEBI_145480_CHEBI_145483,enantiomer,enantiomer,100.0,1
CHEBI_48934,CHEBI_41,CHEBI_41_CHEBI_48934,enantiomer,enantiomer,100.0,1
CHEBI_78731,CHEBI_34497,CHEBI_34497_CHEBI_78731,enantiomer,enantiomer,100.0,1
CHEBI_76137,CHEBI_10556,CHEBI_10556_CHEBI_76137,enantiomer,enantiomer,100.0,1
CHEBI_155878,CHEBI_86061,CHEBI_155878_CHEBI_86061,enantiomer,enantiomer,100.0,1
CHEBI_131764,CHEBI_131765,CHEBI_131764_CHEBI_131765,enantiomer,enantiomer,100.0,1
CHEBI_60129,CHEBI_60131,CHEBI_60129_CHEBI_60131,enantiomer,enantiomer,100.0,1
CHEBI_82812,CHEBI_82816,CHEBI_82812_CHEBI_82816,enantiomer,enantiomer,100.0,1
CHEBI_36793,CHEBI_36794,CHEBI_36793_CHEBI_36794,enantiomer,enantiomer,100.0,1
CHEBI_57958,CHEBI_136670,CHEBI_136670_CHEBI_57958,enantiomer,enantiomer,100.0,1
CHEBI_49076,CHEBI_49078,CHEBI_49076_CHEBI_49078,enantiomer,enantiomer,100.0,1
CHEBI_147359,CHEBI_147360,CHEBI_147359_CHEBI_147360,enantiomer,enantiomer,100.0,1
CHEBI_147388,CHEBI_147389,CHEBI_147388_CHEBI_147389,enantiomer,enantiomer,100.0,1
CHEBI_86051,CHEBI_18102,CHEBI_18102_CHEBI_86051,enantiomer,enantiomer,100.0,1
CHEBI_178009,CHEBI_178110,CHEBI_178009_CHEBI_178110,enantiomer,enantiomer,100.0,1
CHEBI_27765,CHEBI_49257,CHEBI_27765_CHEBI_49257,enantiomer,enantiomer,100.0,1
CHEBI_60349,CHEBI_60348,CHEBI_60348_CHEBI_60349,enantiomer,enantiomer,100.0,1
CHEBI_35322,CHEBI_35321,CHEBI_35321_CHEBI_35322,enantiomer,enantiomer,100.0,1
CHEBI_147372,CHEBI_147371,CHEBI_147371_CHEBI_147372,enantiomer,enantiomer,100.0,1
CHEBI_87724,CHEBI_87725,CHEBI_87724_CHEBI_87725,enantiomer,enantiomer,100.0,1
CHEBI_83688,CHEBI_83689,CHEBI_83688_CHEBI_83689,enantiomer,enantiomer,100.0,1
CHEBI_15629,CHEBI_34487,CHEBI_15629_CHEBI_34487,enantiomer,enantiomer,100.0,1
CHEBI_136659,CHEBI_136660,CHEBI_136659_CHEBI_136660,enantiomer,enantiomer,100.0,1
CHEBI_36102,CHEBI_36103,CHEBI_36102_CHEBI_36103,enantiomer,enantiomer,100.0,1
CHEBI_144371,CHEBI_144373,CHEBI_144371_CHEBI_144373,enantiomer,enantiomer,100.0,1
CHEBI_43415,CHEBI_47835,CHEBI_43415_CHEBI_47835,enantiomer,enantiomer,100.0,1
CHEBI_82788,CHEBI_82789,CHEBI_82788_CHEBI_82789,enantiomer,enantiomer,100.0,1
CHEBI_28972,CHEBI_29002,CHEBI_28972_CHEBI_29002,enantiomer,enantiomer,100.0,1
CHEBI_59254,CHEBI_59251,CHEBI_59251_CHEBI_59254,enantiomer,enantiomer,100.0,1
CHEBI_87714,CHEBI_87708,CHEBI_87708_CHEBI_87714,enantiomer,enantiomer,100.0,1
CHEBI_48423,CHEBI_60887,CHEBI_48423_CHEBI_60887,enantiomer,enantiomer,100.0,1
CHEBI_83338,CHEBI_83340,CHEBI_83338_CHEBI_83340,enantiomer,enantiomer,100.0,1
CHEBI_45230,CHEBI_30318,CHEBI_30318_CHEBI_45230,enantiomer,enantiomer,100.0,1
CHEBI_36797,CHEBI_36795,CHEBI_36795_CHEBI_36797,enantiomer,enantiomer,100.0,1
CHEBI_45616,CHEBI_16346,CHEBI_16346_CHEBI_45616,enantiomer,enantiomer,100.0,1
CHEBI_55363,CHEBI_55362,CHEBI_55362_CHEBI_55363,enantiomer,enantiomer,100.0,1
CHEBI_35399,CHEBI_35398,CHEBI_35398_CHEBI_35399,enantiomer,enantiomer,100.0,1
CHEBI_102030,CHEBI_102131,CHEBI_102030_CHEBI_102131,enantiomer,enantiomer,100.0,1
CHEBI_98,CHEBI_28,CHEBI_28_CHEBI_98,enantiomer,enantiomer,100.0,1
CHEBI_143153,CHEBI_143154,CHEBI_143153_CHEBI_143154,enantiomer,enantiomer,100.0,1
CHEBI_32702,CHEBI_32716,CHEBI_32702_CHEBI_32716,enantiomer,enantiomer,100.0,1
CHEBI_50275,CHEBI_77262,CHEBI_50275_CHEBI_77262,enantiomer,enantiomer,100.0,1
CHEBI_32743,CHEBI_32750,CHEBI_32743_CHEBI_32750,enantiomer,enantiomer,100.0,1
CHEBI_10115,CHEBI_583099,CHEBI_10115_CHEBI_583099,enantiomer,enantiomer,100.0,1
CHEBI_61918,CHEBI_61917,CHEBI_61917_CHEBI_61918,enantiomer,enantiomer,100.0,1
CHEBI_49280,CHEBI_49279,CHEBI_49279_CHEBI_49280,enantiomer,enantiomer,100.0,1
CHEBI_44534,CHEBI_56080,CHEBI_44534_CHEBI_56080,enantiomer,enantiomer,100.0,1
CHEBI_90413,CHEBI_90412,CHEBI_90412_CHEBI_90413,enantiomer,enantiomer,100.0,1
CHEBI_82894,CHEBI_82897,CHEBI_82894_CHEBI_82897,enantiomer,enantiomer,100.0,1
CHEBI_228257,CHEBI_228256,CHEBI_228256_CHEBI_228257,enantiomer,enantiomer,100.0,1
CHEBI_192481,CHEBI_192480,CHEBI_192480_CHEBI_192481,enantiomer,enantiomer,100.0,1
CHEBI_138124,CHEBI_138123,CHEBI_138123_CHEBI_138124,enantiomer,enantiomer,100.0,1
CHEBI_82793,CHEBI_82794,CHEBI_82793_CHEBI_82794,enantiomer,enantiomer,100.0,1
CHEBI_188982,CHEBI_229525,CHEBI_188982_CHEBI_229525,enantiomer,enantiomer,100.0,1
CHEBI_16393,CHEBI_46967,CHEBI_16393_CHEBI_46967,enantiomer,enantiomer,100.0,1
CHEBI_21226,CHEBI_20910,CHEBI_20910_CHEBI_21226,enantiomer,enantiomer,100.0,1
CHEBI_149674,CHEBI_132296,CHEBI_132296_CHEBI_149674,enantiomer,enantiomer,100.0,1
CHEBI_168,CHEBI_154,CHEBI_154_CHEBI_168,enantiomer,enantiomer,100.0,1
CHEBI_17115,CHEBI_16523,CHEBI_16523_CHEBI_17115,enantiomer,enantiomer,100.0,1
CHEBI_15628,CHEBI_82627,CHEBI_15628_CHEBI_82627,enantiomer,enantiomer,100.0,1
CHEBI_49013,CHEBI_49012,CHEBI_49012_CHEBI_49013,enantiomer,enantiomer,100.0,1
CHEBI_71176,CHEBI_87770,CHEBI_71176_CHEBI_87770,enantiomer,enantiomer,100.0,1
CHEBI_30896,CHEBI_15562,CHEBI_15562_CHEBI_30896,enantiomer,enantiomer,100.0,1
CHEBI_87726,CHEBI_87727,CHEBI_87726_CHEBI_87727,enantiomer,enantiomer,100.0,1
CHEBI_156437,CHEBI_156436,CHEBI_156436_CHEBI_156437,enantiomer,enantiomer,100.0,1
CHEBI_138586,CHEBI_138585,CHEBI_138585_CHEBI_138586,enantiomer,enantiomer,100.0,1
CHEBI_36464,CHEBI_18790,CHEBI_18790_CHEBI_36464,enantiomer,enantiomer,100.0,1
CHEBI_229506,CHEBI_229505,CHEBI_229505_CHEBI_229506,enantiomer,enantiomer,100.0,1
CHEBI_62421,CHEBI_62433,CHEBI_62421_CHEBI_62433,enantiomer,enantiomer,100.0,1
CHEBI_50123,CHEBI_50125,CHEBI_50123_CHEBI_50125,enantiomer,enantiomer,100.0,1
CHEBI_34145,CHEBI_15626,CHEBI_15626_CHEBI_34145,enantiomer,enantiomer,100.0,1
CHEBI_134283,CHEBI_134284,CHEBI_134283_CHEBI_134284,enantiomer,enantiomer,100.0,1
CHEBI_16812,CHEBI_16982,CHEBI_16812_CHEBI_16982,enantiomer,enantiomer,100.0,1
CHEBI_32855,CHEBI_32851,CHEBI_32851_CHEBI_32855,enantiomer,enantiomer,100.0,1
CHEBI_28729,CHEBI_37680,CHEBI_28729_CHEBI_37680,enantiomer,enantiomer,100.0,1
CHEBI_37686,CHEBI_37744,CHEBI_37686_CHEBI_37744,enantiomer,enantiomer,100.0,1
CHEBI_10702,CHEBI_12855,CHEBI_10702_CHEBI_12855,enantiomer,enantiomer,100.0,1
CHEBI_138110,CHEBI_34162,CHEBI_138110_CHEBI_34162,enantiomer,enantiomer,100.0,1
CHEBI_136767,CHEBI_85633,CHEBI_136767_CHEBI_85633,enantiomer,enantiomer,100.0,1
CHEBI_63241,CHEBI_60962,CHEBI_60962_CHEBI_63241,enantiomer,enantiomer,100.0,1
CHEBI_59565,CHEBI_45002,CHEBI_45002_CHEBI_59565,enantiomer,enantiomer,100.0,1
CHEBI_11009,CHEBI_32979,CHEBI_11009_CHEBI_32979,enantiomer,enantiomer,100.0,1
CHEBI_136536,CHEBI_136533,CHEBI_136533_CHEBI_136536,enantiomer,enantiomer,100.0,1
CHEBI_32712,CHEBI_32723,CHEBI_32712_CHEBI_32723,enantiomer,enantiomer,100.0,1
CHEBI_136729,CHEBI_136733,CHEBI_136729_CHEBI_136733,enantiomer,enantiomer,100.0,1
CHEBI_85934,CHEBI_85937,CHEBI_85934_CHEBI_85937,enantiomer,enantiomer,100.0,1
CHEBI_60894,CHEBI_58196,CHEBI_58196_CHEBI_60894,enantiomer,enantiomer,100.0,1
CHEBI_232361,CHEBI_11684,CHEBI_11684_CHEBI_232361,enantiomer,enantiomer,91.0,1
CHEBI_50256,CHEBI_50259,CHEBI_50256_CHEBI_50259,enantiomer,enantiomer,100.0,1
CHEBI_32623,CHEBI_32619,CHEBI_32619_CHEBI_32623,enantiomer,enantiomer,100.0,1
CHEBI_91137,CHEBI_138640,CHEBI_138640_CHEBI_91137,enantiomer,enantiomer,100.0,1
CHEBI_36101,CHEBI_36100,CHEBI_36100_CHEBI_36101,enantiomer,enantiomer,100.0,1
CHEBI_48707,CHEBI_48712,CHEBI_48707_CHEBI_48712,enantiomer,enantiomer,100.0,1
CHEBI_145564,CHEBI_145563,CHEBI_145563_CHEBI_145564,enantiomer,enantiomer,100.0,1
CHEBI_15397,CHEBI_15396,CHEBI_15396_CHEBI_15397,enantiomer,enantiomer,100.0,1
CHEBI_47118,CHEBI_233008,CHEBI_233008_CHEBI_47118,enantiomer,enantiomer,100.0,1
CHEBI_32738,CHEBI_32736,CHEBI_32736_CHEBI_32738,enantiomer,enantiomer,100.0,1
CHEBI_133996,CHEBI_133995,CHEBI_133995_CHEBI_133996,enantiomer,enantiomer,100.0,1
CHEBI_63687,CHEBI_63684,CHEBI_63684_CHEBI_63687,enantiomer,enantiomer,100.0,1
CHEBI_145084,CHEBI_42790,CHEBI_145084_CHEBI_42790,enantiomer,enantiomer,100.0,1
CHEBI_15903,CHEBI_37631,CHEBI_15903_CHEBI_37631,enantiomer,enantiomer,100.0,1
CHEBI_138204,CHEBI_138205,CHEBI_138204_CHEBI_138205,enantiomer,enantiomer,100.0,1
CHEBI_83177,CHEBI_83176,CHEBI_83176_CHEBI_83177,enantiomer,enantiomer,100.0,1
CHEBI_51054,CHEBI_51053,CHEBI_51053_CHEBI_51054,enantiomer,enantiomer,100.0,1
CHEBI_143527,CHEBI_143564,CHEBI_143527_CHEBI_143564,enantiomer,enantiomer,100.0,1
CHEBI_138262,CHEBI_138260,CHEBI_138260_CHEBI_138262,enantiomer,enantiomer,100.0,1
CHEBI_167516,CHEBI_167515,CHEBI_167515_CHEBI_167516,enantiomer,enantiomer,100.0,1
CHEBI_39932,CHEBI_46735,CHEBI_39932_CHEBI_46735,enantiomer,enantiomer,100.0,1
CHEBI_32796,CHEBI_32797,CHEBI_32796_CHEBI_32797,enantiomer,enantiomer,100.0,1
CHEBI_30766,CHEBI_30767,CHEBI_30766_CHEBI_30767,enantiomer,enantiomer,100.0,1
CHEBI_76306,CHEBI_15409,CHEBI_15409_CHEBI_76306,enantiomer,enantiomer,100.0,1
CHEBI_83639,CHEBI_83640,CHEBI_83639_CHEBI_83640,enantiomer,enantiomer,100.0,1
CHEBI_30927,CHEBI_30924,CHEBI_30924_CHEBI_30927,enantiomer,enantiomer,100.0,1
CHEBI_132277,CHEBI_132276,CHEBI_132276_CHEBI_132277,enantiomer,enantiomer,100.0,1
CHEBI_83750,CHEBI_83753,CHEBI_83750_CHEBI_83753,enantiomer,enantiomer,100.0,1
CHEBI_83660,CHEBI_83659,CHEBI_83659_CHEBI_83660,enantiomer,enantiomer,100.0,1
CHEBI_29990,CHEBI_29991,CHEBI_29990_CHEBI_29991,enantiomer,enantiomer,100.0,1
CHEBI_137461,CHEBI_137460,CHEBI_137460_CHEBI_137461,enantiomer,enantiomer,100.0,1
CHEBI_15950,CHEBI_27482,CHEBI_15950_CHEBI_27482,enantiomer,enantiomer,100.0,1
CHEBI_137150,CHEBI_137117,CHEBI_137117_CHEBI_137150,enantiomer,enantiomer,100.0,1
CHEBI_47873,CHEBI_47874,CHEBI_47873_CHEBI_47874,enantiomer,enantiomer,100.0,1
CHEBI_32762,CHEBI_32775,CHEBI_32762_CHEBI_32775,enantiomer,enantiomer,100.0,1
CHEBI_83787,CHEBI_83788,CHEBI_83787_CHEBI_83788,enantiomer,enantiomer,100.0,1
CHEBI_87696,CHEBI_87693,CHEBI_87693_CHEBI_87696,enantiomer,enantiomer,100.0,1
CHEBI_228163,CHEBI_228162,CHEBI_228162_CHEBI_228163,enantiomer,enantiomer,100.0,1
CHEBI_36612,CHEBI_165,CHEBI_165_CHEBI_36612,enantiomer,enantiomer,100.0,1
CHEBI_50372,CHEBI_50371,CHEBI_50371_CHEBI_50372,enantiomer,enantiomer,100.0,1
CHEBI_139036,CHEBI_17165,CHEBI_139036_CHEBI_17165,enantiomer,enantiomer,100.0,1
CHEBI_188986,CHEBI_151298,CHEBI_151298_CHEBI_188986,enantiomer,enantiomer,100.0,1
CHEBI_142231,CHEBI_141996,CHEBI_141996_CHEBI_142231,enantiomer,enantiomer,100.0,1
CHEBI_32713,CHEBI_32724,CHEBI_32713_CHEBI_32724,enantiomer,enantiomer,100.0,1
CHEBI_75927,CHEBI_75928,CHEBI_75927_CHEBI_75928,enantiomer,enantiomer,100.0,1
CHEBI_48251,CHEBI_16053,CHEBI_16053_CHEBI_48251,enantiomer,enantiomer,100.0,1
CHEBI_39159,CHEBI_39158,CHEBI_39158_CHEBI_39159,enantiomer,enantiomer,100.0,1
CHEBI_71252,CHEBI_71251,CHEBI_71251_CHEBI_71252,enantiomer,enantiomer,100.0,1
CHEBI_60790,CHEBI_6149,CHEBI_60790_CHEBI_6149,enantiomer,enantiomer,100.0,1
CHEBI_48557,CHEBI_31472,CHEBI_31472_CHEBI_48557,enantiomer,enantiomer,100.0,1
CHEBI_28797,CHEBI_35619,CHEBI_28797_CHEBI_35619,enantiomer,enantiomer,83.0,1
CHEBI_138242,CHEBI_138241,CHEBI_138241_CHEBI_138242,enantiomer,enantiomer,100.0,1
CHEBI_49056,CHEBI_49003,CHEBI_49003_CHEBI_49056,enantiomer,enantiomer,100.0,1
CHEBI_83921,CHEBI_83922,CHEBI_83921_CHEBI_83922,enantiomer,enantiomer,100.0,1
CHEBI_32552,CHEBI_32558,CHEBI_32552_CHEBI_32558,enantiomer,enantiomer,100.0,1
CHEBI_136560,CHEBI_136557,CHEBI_136557_CHEBI_136560,enantiomer,enantiomer,100.0,1
CHEBI_53560,CHEBI_53562,CHEBI_53560_CHEBI_53562,enantiomer,enantiomer,100.0,1
CHEBI_83708,CHEBI_83709,CHEBI_83708_CHEBI_83709,enantiomer,enantiomer,100.0,1
CHEBI_62346,CHEBI_63151,CHEBI_62346_CHEBI_63151,enantiomer,enantiomer,100.0,1
CHEBI_59191,CHEBI_59190,CHEBI_59190_CHEBI_59191,enantiomer,enantiomer,100.0,1
CHEBI_37693,CHEBI_37706,CHEBI_37693_CHEBI_37706,enantiomer,enantiomer,100.0,1
CHEBI_37291,CHEBI_37287,CHEBI_37287_CHEBI_37291,enantiomer,enantiomer,100.0,1
CHEBI_31157,CHEBI_49187,CHEBI_31157_CHEBI_49187,enantiomer,enantiomer,100.0,1
CHEBI_16015,CHEBI_15966,CHEBI_15966_CHEBI_16015,enantiomer,enantiomer,100.0,1
CHEBI_76227,CHEBI_76228,CHEBI_76227_CHEBI_76228,enantiomer,enantiomer,100.0,1
CHEBI_59187,CHEBI_59186,CHEBI_59186_CHEBI_59187,enantiomer,enantiomer,100.0,1
CHEBI_52527,CHEBI_52525,CHEBI_52525_CHEBI_52527,enantiomer,enantiomer,100.0,1
CHEBI_55356,CHEBI_55391,CHEBI_55356_CHEBI_55391,enantiomer,enantiomer,100.0,1
CHEBI_233817,CHEBI_68828,CHEBI_233817_CHEBI_68828,diastereomer,enantiomer,100.0,0
CHEBI_140320,CHEBI_140321,CHEBI_140320_CHEBI_140321,enantiomer,enantiomer,100.0,1
CHEBI_83600,CHEBI_83599,CHEBI_83599_CHEBI_83600,enantiomer,enantiomer,100.0,1
CHEBI_59689,CHEBI_59688,CHEBI_59688_CHEBI_59689,enantiomer,enantiomer,100.0,1
CHEBI_43197,CHEBI_36210,CHEBI_36210_CHEBI_43197,enantiomer,enantiomer,100.0,1
CHEBI_153554,CHEBI_153617,CHEBI_153554_CHEBI_153617,enantiomer,enantiomer,100.0,1
CHEBI_91134,CHEBI_4116,CHEBI_4116_CHEBI_91134,enantiomer,enantiomer,100.0,1
CHEBI_139157,CHEBI_139230,CHEBI_139157_CHEBI_139230,enantiomer,enantiomer,100.0,1
CHEBI_82872,CHEBI_82877,CHEBI_82872_CHEBI_82877,enantiomer,enantiomer,100.0,1
CHEBI_50625,CHEBI_50624,CHEBI_50624_CHEBI_50625,enantiomer,enantiomer,100.0,1
CHEBI_16943,CHEBI_137502,CHEBI_137502_CHEBI_16943,enantiomer,enantiomer,100.0,1
CHEBI_131767,CHEBI_58002,CHEBI_131767_CHEBI_58002,enantiomer,enantiomer,100.0,1
CHEBI_49007,CHEBI_16349,CHEBI_16349_CHEBI_49007,enantiomer,enantiomer,88.0,1
CHEBI_16828,CHEBI_16296,CHEBI_16296_CHEBI_16828,enantiomer,enantiomer,100.0,1
CHEBI_231977,CHEBI_230523,CHEBI_230523_CHEBI_231977,enantiomer,enantiomer,100.0,1
CHEBI_60088,CHEBI_60089,CHEBI_60088_CHEBI_60089,enantiomer,enantiomer,100.0,1
CHEBI_63108,CHEBI_63109,CHEBI_63108_CHEBI_63109,enantiomer,enantiomer,100.0,1
CHEBI_50255,CHEBI_50258,CHEBI_50255_CHEBI_50258,enantiomer,enantiomer,100.0,1
CHEBI_76148,CHEBI_76149,CHEBI_76148_CHEBI_76149,enantiomer,enantiomer,100.0,1
CHEBI_145869,CHEBI_145868,CHEBI_145868_CHEBI_145869,enantiomer,enantiomer,100.0,1
CHEBI_45475,CHEBI_35686,CHEBI_35686_CHEBI_45475,enantiomer,enantiomer,100.0,1
CHEBI_41945,CHEBI_16192,CHEBI_16192_CHEBI_41945,enantiomer,enantiomer,100.0,1
CHEBI_17061,CHEBI_18050,CHEBI_17061_CHEBI_18050,enantiomer,enantiomer,100.0,1
CHEBI_53796,CHEBI_53795,CHEBI_53795_CHEBI_53796,enantiomer,enantiomer,100.0,1
CHEBI_36213,CHEBI_36212,CHEBI_36212_CHEBI_36213,enantiomer,enantiomer,100.0,1
CHEBI_17028,CHEBI_75840,CHEBI_17028_CHEBI_75840,enantiomer,enantiomer,100.0,1
CHEBI_233540,CHEBI_176864,CHEBI_176864_CHEBI_233540,enantiomer,enantiomer,100.0,1
CHEBI_141475,CHEBI_141476,CHEBI_141475_CHEBI_141476,enantiomer,enantiomer,100.0,1
CHEBI_63205,CHEBI_63203,CHEBI_63203_CHEBI_63205,enantiomer,enantiomer,100.0,1
CHEBI_77956,CHEBI_57756,CHEBI_57756_CHEBI_77956,enantiomer,enantiomer,100.0,1
CHEBI_131933,CHEBI_131936,CHEBI_131933_CHEBI_131936,enantiomer,enantiomer,100.0,1
CHEBI_51173,CHEBI_51174,CHEBI_51173_CHEBI_51174,enantiomer,enantiomer,100.0,1
CHEBI_39139,CHEBI_39137,CHEBI_39137_CHEBI_39139,enantiomer,enantiomer,100.0,1
CHEBI_160,CHEBI_43291,CHEBI_160_CHEBI_43291,enantiomer,enantiomer,100.0,1
CHEBI_37727,CHEBI_37720,CHEBI_37720_CHEBI_37727,enantiomer,enantiomer,100.0,1
CHEBI_32605,CHEBI_32609,CHEBI_32605_CHEBI_32609,enantiomer,enantiomer,100.0,1
CHEBI_59691,CHEBI_59690,CHEBI_59690_CHEBI_59691,enantiomer,enantiomer,100.0,1
CHEBI_64218,CHEBI_64219,CHEBI_64218_CHEBI_64219,enantiomer,enantiomer,100.0,1
CHEBI_28480,CHEBI_16789,CHEBI_16789_CHEBI_28480,enantiomer,enantiomer,100.0,1
CHEBI_137513,CHEBI_137507,CHEBI_137507_CHEBI_137513,enantiomer,enantiomer,100.0,1
CHEBI_60631,CHEBI_46415,CHEBI_46415_CHEBI_60631,enantiomer,enantiomer,100.0,1
CHEBI_193570,CHEBI_57450,CHEBI_193570_CHEBI_57450,enantiomer,enantiomer,100.0,1
CHEBI_47454,CHEBI_136692,CHEBI_136692_CHEBI_47454,enantiomer,enantiomer,100.0,1
CHEBI_87577,CHEBI_87578,CHEBI_87577_CHEBI_87578,enantiomer,enantiomer,100.0,1
CHEBI_59569,CHEBI_59570,CHEBI_59569_CHEBI_59570,enantiomer,enantiomer,100.0,1
CHEBI_146209,CHEBI_146208,CHEBI_146208_CHEBI_146209,enantiomer,enantiomer,100.0,1
CHEBI_49227,CHEBI_49230,CHEBI_49227_CHEBI_49230,enantiomer,enantiomer,100.0,1
CHEBI_177090,CHEBI_177084,CHEBI_177084_CHEBI_177090,enantiomer,enantiomer,100.0,1
CHEBI_133645,CHEBI_133644,CHEBI_133644_CHEBI_133645,enantiomer,enantiomer,100.0,1
CHEBI_147529,CHEBI_148879,CHEBI_147529_CHEBI_148879,enantiomer,enantiomer,100.0,1
CHEBI_83029,CHEBI_155465,CHEBI_155465_CHEBI_83029,enantiomer,enantiomer,100.0,1
CHEBI_16641,CHEBI_16036,CHEBI_16036_CHEBI_16641,enantiomer,enantiomer,100.0,1
CHEBI_50400,CHEBI_35614,CHEBI_35614_CHEBI_50400,enantiomer,enantiomer,100.0,1
CHEBI_48255,CHEBI_48256,CHEBI_48255_CHEBI_48256,enantiomer,enantiomer,100.0,1
CHEBI_18019,CHEBI_16855,CHEBI_16855_CHEBI_18019,enantiomer,enantiomer,100.0,1
CHEBI_141211,CHEBI_62638,CHEBI_141211_CHEBI_62638,enantiomer,enantiomer,100.0,1
CHEBI_49032,CHEBI_49036,CHEBI_49032_CHEBI_49036,enantiomer,enantiomer,60.0,1
CHEBI_233954,CHEBI_233133,CHEBI_233133_CHEBI_233954,enantiomer,enantiomer,100.0,1
CHEBI_10443,CHEBI_49274,CHEBI_10443_CHEBI_49274,enantiomer,enantiomer,100.0,1
CHEBI_86997,CHEBI_86996,CHEBI_86996_CHEBI_86997,enantiomer,enantiomer,100.0,1
CHEBI_143028,CHEBI_143025,CHEBI_143025_CHEBI_143028,enantiomer,enantiomer,100.0,1
CHEBI_83293,CHEBI_83294,CHEBI_83293_CHEBI_83294,enantiomer,enantiomer,100.0,1
CHEBI_145660,CHEBI_744019,CHEBI_145660_CHEBI_744019,enantiomer,enantiomer,100.0,1
CHEBI_145195,CHEBI_6941,CHEBI_145195_CHEBI_6941,enantiomer,enantiomer,100.0,1
CHEBI_81563,CHEBI_132801,CHEBI_132801_CHEBI_81563,enantiomer,enantiomer,100.0,1
CHEBI_37692,CHEBI_43104,CHEBI_37692_CHEBI_43104,enantiomer,enantiomer,100.0,1
CHEBI_85273,CHEBI_85272,CHEBI_85272_CHEBI_85273,enantiomer,enantiomer,100.0,1
CHEBI_59288,CHEBI_59287,CHEBI_59287_CHEBI_59288,enantiomer,enantiomer,100.0,1
CHEBI_16534,CHEBI_37425,CHEBI_16534_CHEBI_37425,enantiomer,enantiomer,100.0,1
CHEBI_28293,CHEBI_28390,CHEBI_28293_CHEBI_28390,enantiomer,enantiomer,100.0,1
CHEBI_59568,CHEBI_59567,CHEBI_59567_CHEBI_59568,enantiomer,enantiomer,100.0,1
CHEBI_16643,CHEBI_16867,CHEBI_16643_CHEBI_16867,enantiomer,enantiomer,100.0,1
CHEBI_47004,CHEBI_45506,CHEBI_45506_CHEBI_47004,enantiomer,enantiomer,100.0,1
CHEBI_10360,CHEBI_88,CHEBI_10360_CHEBI_88,enantiomer,enantiomer,100.0,1
CHEBI_84000,CHEBI_84001,CHEBI_84000_CHEBI_84001,enantiomer,enantiomer,100.0,1
CHEBI_49646,CHEBI_36065,CHEBI_36065_CHEBI_49646,enantiomer,enantiomer,100.0,1
CHEBI_30866,CHEBI_17025,CHEBI_17025_CHEBI_30866,enantiomer,enantiomer,100.0,1
CHEBI_60799,CHEBI_580604,CHEBI_580604_CHEBI_60799,enantiomer,enantiomer,100.0,1
CHEBI_38247,CHEBI_37250,CHEBI_37250_CHEBI_38247,enantiomer,enantiomer,100.0,1
CHEBI_150,CHEBI_50233,CHEBI_150_CHEBI_50233,enantiomer,enantiomer,100.0,1
CHEBI_83307,CHEBI_83306,CHEBI_83306_CHEBI_83307,enantiomer,enantiomer,100.0,1
CHEBI_16414,CHEBI_27477,CHEBI_16414_CHEBI_27477,enantiomer,enantiomer,100.0,1
CHEBI_83378,CHEBI_83376,CHEBI_83376_CHEBI_83378,enantiomer,enantiomer,100.0,1
CHEBI_49054,CHEBI_41469,CHEBI_41469_CHEBI_49054,enantiomer,enantiomer,100.0,1
CHEBI_51012,CHEBI_51011,CHEBI_51011_CHEBI_51012,enantiomer,enantiomer,100.0,1
CHEBI_59710,CHEBI_59709,CHEBI_59709_CHEBI_59710,enantiomer,enantiomer,100.0,1
CHEBI_83680,CHEBI_83681,CHEBI_83680_CHEBI_83681,enantiomer,enantiomer,100.0,1
CHEBI_15570,CHEBI_16977,CHEBI_15570_CHEBI_16977,enantiomer,enantiomer,100.0,1
CHEBI_32836,CHEBI_32840,CHEBI_32836_CHEBI_32840,enantiomer,enantiomer,100.0,1
CHEBI_76143,CHEBI_76140,CHEBI_76140_CHEBI_76143,enantiomer,enantiomer,100.0,1
CHEBI_53335,CHEBI_34008,CHEBI_34008_CHEBI_53335,enantiomer,enantiomer,100.0,1
CHEBI_16592,CHEBI_18146,CHEBI_16592_CHEBI_18146,enantiomer,enantiomer,100.0,1
CHEBI_132245,CHEBI_132257,CHEBI_132245_CHEBI_132257,enantiomer,enantiomer,100.0,1
CHEBI_58386,CHEBI_57562,CHEBI_57562_CHEBI_58386,enantiomer,enantiomer,100.0,1
CHEBI_83772,CHEBI_83773,CHEBI_83772_CHEBI_83773,enantiomer,enantiomer,100.0,1
CHEBI_87554,CHEBI_87555,CHEBI_87554_CHEBI_87555,enantiomer,enantiomer,100.0,1
CHEBI_134248,CHEBI_57467,CHEBI_134248_CHEBI_57467,enantiomer,enantiomer,100.0,1
CHEBI_63110,CHEBI_63107,CHEBI_63107_CHEBI_63110,enantiomer,enantiomer,100.0,1
CHEBI_131806,CHEBI_131807,CHEBI_131806_CHEBI_131807,enantiomer,enantiomer,100.0,1
CHEBI_149451,CHEBI_149461,CHEBI_149451_CHEBI_149461,enantiomer,enantiomer,100.0,1
CHEBI_37679,CHEBI_28563,CHEBI_28563_CHEBI_37679,enantiomer,enantiomer,100.0,1
CHEBI_28651,CHEBI_27702,CHEBI_27702_CHEBI_28651,enantiomer,enantiomer,100.0,1
CHEBI_90102,CHEBI_90098,CHEBI_90098_CHEBI_90102,enantiomer,enantiomer,100.0,1
CHEBI_37907,CHEBI_37908,CHEBI_37907_CHEBI_37908,enantiomer,enantiomer,100.0,1
CHEBI_51047,CHEBI_51048,CHEBI_51047_CHEBI_51048,enantiomer,enantiomer,100.0,1
CHEBI_28611,CHEBI_28658,CHEBI_28611_CHEBI_28658,enantiomer,enantiomer,100.0,1
CHEBI_176337,CHEBI_176336,CHEBI_176336_CHEBI_176337,enantiomer,enantiomer,100.0,1
CHEBI_5136,CHEBI_38565,CHEBI_38565_CHEBI_5136,enantiomer,enantiomer,100.0,1
CHEBI_85470,CHEBI_86047,CHEBI_85470_CHEBI_86047,enantiomer,enantiomer,100.0,1
CHEBI_83998,CHEBI_83997,CHEBI_83997_CHEBI_83998,enantiomer,enantiomer,100.0,1
CHEBI_156247,CHEBI_28513,CHEBI_156247_CHEBI_28513,enantiomer,enantiomer,100.0,1
CHEBI_83301,CHEBI_83300,CHEBI_83300_CHEBI_83301,enantiomer,enantiomer,100.0,1
CHEBI_71246,CHEBI_71248,CHEBI_71246_CHEBI_71248,enantiomer,enantiomer,100.0,1
CHEBI_83805,CHEBI_83806,CHEBI_83805_CHEBI_83806,enantiomer,enantiomer,100.0,1
CHEBI_233959,CHEBI_233960,CHEBI_233959_CHEBI_233960,enantiomer,enantiomer,100.0,1
CHEBI_31772,CHEBI_77442,CHEBI_31772_CHEBI_77442,enantiomer,enantiomer,100.0,1
CHEBI_3381,CHEBI_7,CHEBI_3381_CHEBI_7,enantiomer,enantiomer,100.0,1
CHEBI_18292,CHEBI_139300,CHEBI_139300_CHEBI_18292,enantiomer,enantiomer,100.0,1
CHEBI_28061,CHEBI_42905,CHEBI_28061_CHEBI_42905,enantiomer,enantiomer,100.0,1
CHEBI_27394,CHEBI_50787,CHEBI_27394_CHEBI_50787,enantiomer,enantiomer,100.0,1
CHEBI_83694,CHEBI_83693,CHEBI_83693_CHEBI_83694,enantiomer,enantiomer,100.0,1
CHEBI_32527,CHEBI_32512,CHEBI_32512_CHEBI_32527,enantiomer,enantiomer,100.0,1
CHEBI_59243,CHEBI_59244,CHEBI_59243_CHEBI_59244,enantiomer,enantiomer,100.0,1
CHEBI_16593,CHEBI_16332,CHEBI_16332_CHEBI_16593,enantiomer,enantiomer,100.0,1
CHEBI_39115,CHEBI_39121,CHEBI_39115_CHEBI_39121,enantiomer,enantiomer,100.0,1
CHEBI_38950,CHEBI_40763,CHEBI_38950_CHEBI_40763,enantiomer,enantiomer,100.0,1
CHEBI_35147,CHEBI_35148,CHEBI_35147_CHEBI_35148,enantiomer,enantiomer,100.0,1
CHEBI_145687,CHEBI_145688,CHEBI_145687_CHEBI_145688,enantiomer,enantiomer,100.0,1
CHEBI_32550,CHEBI_32556,CHEBI_32550_CHEBI_32556,enantiomer,enantiomer,100.0,1
CHEBI_49229,CHEBI_49228,CHEBI_49228_CHEBI_49229,enantiomer,enantiomer,100.0,1
CHEBI_233695,CHEBI_176808,CHEBI_176808_CHEBI_233695,enantiomer,enantiomer,100.0,1
CHEBI_60074,CHEBI_60075,CHEBI_60074_CHEBI_60075,enantiomer,enantiomer,100.0,1
CHEBI_39136,CHEBI_39140,CHEBI_39136_CHEBI_39140,enantiomer,enantiomer,100.0,1
CHEBI_157678,CHEBI_157679,CHEBI_157678_CHEBI_157679,enantiomer,enantiomer,100.0,1
CHEBI_167205,CHEBI_167206,CHEBI_167205_CHEBI_167206,enantiomer,enantiomer,100.0,1
CHEBI_233134,CHEBI_233952,CHEBI_233134_CHEBI_233952,enantiomer,enantiomer,100.0,1
CHEBI_146758,CHEBI_153065,CHEBI_146758_CHEBI_153065,enantiomer,enantiomer,100.0,1
CHEBI_77405,CHEBI_77406,CHEBI_77405_CHEBI_77406,enantiomer,enantiomer,100.0,1
CHEBI_83846,CHEBI_83847,CHEBI_83846_CHEBI_83847,enantiomer,enantiomer,100.0,1
CHEBI_77738,CHEBI_77737,CHEBI_77737_CHEBI_77738,enantiomer,enantiomer,100.0,1
CHEBI_78106,CHEBI_39395,CHEBI_39395_CHEBI_78106,enantiomer,enantiomer,100.0,1
CHEBI_75871,CHEBI_75872,CHEBI_75871_CHEBI_75872,enantiomer,enantiomer,100.0,1
CHEBI_17403,CHEBI_17092,CHEBI_17092_CHEBI_17403,enantiomer,enantiomer,100.0,1
CHEBI_63190,CHEBI_10357,CHEBI_10357_CHEBI_63190,enantiomer,enantiomer,100.0,1
CHEBI_85220,CHEBI_71670,CHEBI_71670_CHEBI_85220,enantiomer,enantiomer,100.0,1
CHEBI_143523,CHEBI_143524,CHEBI_143523_CHEBI_143524,enantiomer,enantiomer,100.0,1
CHEBI_50544,CHEBI_6750,CHEBI_50544_CHEBI_6750,enantiomer,enantiomer,100.0,1
CHEBI_77797,CHEBI_77793,CHEBI_77793_CHEBI_77797,enantiomer,enantiomer,100.0,1
CHEBI_86992,CHEBI_86991,CHEBI_86991_CHEBI_86992,enantiomer,enantiomer,100.0,1
CHEBI_32110,CHEBI_39235,CHEBI_32110_CHEBI_39235,enantiomer,enantiomer,100.0,1
CHEBI_77600,CHEBI_77601,CHEBI_77600_CHEBI_77601,enantiomer,enantiomer,100.0,1
CHEBI_67244,CHEBI_67246,CHEBI_67244_CHEBI_67246,enantiomer,enantiomer,100.0,1
CHEBI_44770,CHEBI_44743,CHEBI_44743_CHEBI_44770,enantiomer,enantiomer,100.0,1
CHEBI_136593,CHEBI_136592,CHEBI_136592_CHEBI_136593,enantiomer,enantiomer,100.0,1
CHEBI_32802,CHEBI_32803,CHEBI_32802_CHEBI_32803,enantiomer,enantiomer,100.0,1
CHEBI_83699,CHEBI_83698,CHEBI_83698_CHEBI_83699,enantiomer,enantiomer,100.0,1
CHEBI_143258,CHEBI_143257,CHEBI_143257_CHEBI_143258,enantiomer,enantiomer,100.0,1
CHEBI_4470,CHEBI_146176,CHEBI_146176_CHEBI_4470,enantiomer,enantiomer,100.0,1
CHEBI_133188,CHEBI_133189,CHEBI_133188_CHEBI_133189,enantiomer,enantiomer,100.0,1
CHEBI_55403,CHEBI_55401,CHEBI_55401_CHEBI_55403,enantiomer,enantiomer,100.0,1
CHEBI_21049,CHEBI_21359,CHEBI_21049_CHEBI_21359,enantiomer,enantiomer,100.0,1
CHEBI_32620,CHEBI_32624,CHEBI_32620_CHEBI_32624,enantiomer,enantiomer,100.0,1
CHEBI_193118,CHEBI_193116,CHEBI_193116_CHEBI_193118,enantiomer,enantiomer,100.0,1
CHEBI_32651,CHEBI_32657,CHEBI_32651_CHEBI_32657,enantiomer,enantiomer,100.0,1
CHEBI_78781,CHEBI_78775,CHEBI_78775_CHEBI_78781,enantiomer,enantiomer,100.0,1
CHEBI_33510,CHEBI_20912,CHEBI_20912_CHEBI_33510,enantiomer,enantiomer,100.0,1
CHEBI_17053,CHEBI_17364,CHEBI_17053_CHEBI_17364,enantiomer,enantiomer,100.0,1
CHEBI_90974,CHEBI_90973,CHEBI_90973_CHEBI_90974,enantiomer,enantiomer,100.0,1
CHEBI_32862,CHEBI_32867,CHEBI_32862_CHEBI_32867,enantiomer,enantiomer,100.0,1
CHEBI_32487,CHEBI_32495,CHEBI_32487_CHEBI_32495,enantiomer,enantiomer,100.0,1
CHEBI_83685,CHEBI_83684,CHEBI_83684_CHEBI_83685,enantiomer,enantiomer,100.0,1
CHEBI_15729,CHEBI_16176,CHEBI_15729_CHEBI_16176,enantiomer,enantiomer,100.0,1
CHEBI_44510,CHEBI_55534,CHEBI_44510_CHEBI_55534,enantiomer,enantiomer,100.0,1
CHEBI_149671,CHEBI_149670,CHEBI_149670_CHEBI_149671,enantiomer,enantiomer,100.0,1
CHEBI_50279,CHEBI_17090,CHEBI_17090_CHEBI_50279,enantiomer,enantiomer,100.0,1
CHEBI_60897,CHEBI_10696,CHEBI_10696_CHEBI_60897,enantiomer,enantiomer,100.0,1
CHEBI_60855,CHEBI_60856,CHEBI_60855_CHEBI_60856,enantiomer,enantiomer,100.0,1
CHEBI_75737,CHEBI_75738,CHEBI_75737_CHEBI_75738,enantiomer,enantiomer,100.0,1
CHEBI_15801,CHEBI_16782,CHEBI_15801_CHEBI_16782,enantiomer,enantiomer,100.0,1
CHEBI_167210,CHEBI_80056,CHEBI_167210_CHEBI_80056,enantiomer,enantiomer,100.0,1
CHEBI_146241,CHEBI_146242,CHEBI_146241_CHEBI_146242,enantiomer,enantiomer,100.0,1
CHEBI_134205,CHEBI_74819,CHEBI_134205_CHEBI_74819,enantiomer,enantiomer,100.0,1
CHEBI_75847,CHEBI_75583,CHEBI_75583_CHEBI_75847,enantiomer,enantiomer,100.0,1
CHEBI_16288,CHEBI_37034,CHEBI_16288_CHEBI_37034,enantiomer,enantiomer,100.0,1
CHEBI_48204,CHEBI_48203,CHEBI_48203_CHEBI_48204,enantiomer,enantiomer,100.0,1
CHEBI_299,CHEBI_368,CHEBI_299_CHEBI_368,enantiomer,enantiomer,100.0,1
CHEBI_90422,CHEBI_90423,CHEBI_90422_CHEBI_90423,enantiomer,enantiomer,100.0,1
CHEBI_15971,CHEBI_27947,CHEBI_15971_CHEBI_27947,enantiomer,enantiomer,100.0,1
CHEBI_37145,CHEBI_18662,CHEBI_18662_CHEBI_37145,enantiomer,enantiomer,100.0,1
CHEBI_83712,CHEBI_83713,CHEBI_83712_CHEBI_83713,enantiomer,enantiomer,100.0,1
CHEBI_50614,CHEBI_50615,CHEBI_50614_CHEBI_50615,enantiomer,enantiomer,100.0,1
CHEBI_60857,CHEBI_60858,CHEBI_60857_CHEBI_60858,enantiomer,enantiomer,100.0,1
CHEBI_136735,CHEBI_195379,CHEBI_136735_CHEBI_195379,enantiomer,enantiomer,100.0,1
CHEBI_83744,CHEBI_83743,CHEBI_83743_CHEBI_83744,enantiomer,enantiomer,66.0,1
CHEBI_77741,CHEBI_77739,CHEBI_77739_CHEBI_77741,enantiomer,enantiomer,100.0,1
CHEBI_143966,CHEBI_52222,CHEBI_143966_CHEBI_52222,enantiomer,enantiomer,100.0,1
CHEBI_188358,CHEBI_58692,CHEBI_188358_CHEBI_58692,enantiomer,enantiomer,100.0,1
CHEBI_142549,CHEBI_142544,CHEBI_142544_CHEBI_142549,enantiomer,enantiomer,100.0,1
CHEBI_83994,CHEBI_83995,CHEBI_83994_CHEBI_83995,enantiomer,enantiomer,100.0,1
CHEBI_132965,CHEBI_132964,CHEBI_132964_CHEBI_132965,enantiomer,enantiomer,100.0,1
CHEBI_139228,CHEBI_139156,CHEBI_139156_CHEBI_139228,enantiomer,enantiomer,100.0,1
CHEBI_18130,CHEBI_66896,CHEBI_18130_CHEBI_66896,enantiomer,enantiomer,100.0,1
CHEBI_41888,CHEBI_48020,CHEBI_41888_CHEBI_48020,enantiomer,enantiomer,100.0,1
CHEBI_44170,CHEBI_183401,CHEBI_183401_CHEBI_44170,enantiomer,enantiomer,100.0,1
CHEBI_136669,CHEBI_136668,CHEBI_136668_CHEBI_136669,enantiomer,enantiomer,100.0,1
CHEBI_71257,CHEBI_71256,CHEBI_71256_CHEBI_71257,enantiomer,enantiomer,100.0,1
CHEBI_42090,CHEBI_48300,CHEBI_42090_CHEBI_48300,enantiomer,enantiomer,100.0,1
CHEBI_77782,CHEBI_77785,CHEBI_77782_CHEBI_77785,enantiomer,enantiomer,100.0,1
CHEBI_37889,CHEBI_37888,CHEBI_37888_CHEBI_37889,enantiomer,enantiomer,100.0,1
CHEBI_133192,CHEBI_133191,CHEBI_133191_CHEBI_133192,enantiomer,enantiomer,100.0,1
CHEBI_31755,CHEBI_15695,CHEBI_15695_CHEBI_31755,enantiomer,enantiomer,86.0,1
CHEBI_51074,CHEBI_27882,CHEBI_27882_CHEBI_51074,enantiomer,enantiomer,100.0,1
CHEBI_50201,CHEBI_17846,CHEBI_17846_CHEBI_50201,enantiomer,enantiomer,100.0,1
CHEBI_132832,CHEBI_61699,CHEBI_132832_CHEBI_61699,enantiomer,enantiomer,100.0,1
CHEBI_138002,CHEBI_138008,CHEBI_138002_CHEBI_138008,enantiomer,enantiomer,100.0,1
CHEBI_77822,CHEBI_77821,CHEBI_77821_CHEBI_77822,enantiomer,enantiomer,100.0,1
CHEBI_521051,CHEBI_439329,CHEBI_439329_CHEBI_521051,enantiomer,enantiomer,100.0,1
CHEBI_83109,CHEBI_83110,CHEBI_83109_CHEBI_83110,enantiomer,enantiomer,100.0,1
CHEBI_17561,CHEBI_16375,CHEBI_16375_CHEBI_17561,enantiomer,enantiomer,100.0,1
CHEBI_138383,CHEBI_50250,CHEBI_138383_CHEBI_50250,enantiomer,enantiomer,100.0,1
CHEBI_52687,CHEBI_52688,CHEBI_52687_CHEBI_52688,enantiomer,enantiomer,100.0,1
CHEBI_82648,CHEBI_82649,CHEBI_82648_CHEBI_82649,enantiomer,enantiomer,100.0,1
CHEBI_50609,CHEBI_50610,CHEBI_50609_CHEBI_50610,enantiomer,enantiomer,100.0,1
CHEBI_76286,CHEBI_76285,CHEBI_76285_CHEBI_76286,enantiomer,enantiomer,100.0,1
CHEBI_32551,CHEBI_32557,CHEBI_32551_CHEBI_32557,enantiomer,enantiomer,100.0,1
CHEBI_15614,CHEBI_28379,CHEBI_15614_CHEBI_28379,enantiomer,enantiomer,100.0,1
CHEBI_86270,CHEBI_44454,CHEBI_44454_CHEBI_86270,enantiomer,enantiomer,100.0,1
CHEBI_36791,CHEBI_36792,CHEBI_36791_CHEBI_36792,enantiomer,enantiomer,100.0,1
CHEBI_63703,CHEBI_15385,CHEBI_15385_CHEBI_63703,enantiomer,enantiomer,100.0,1
CHEBI_43219,CHEBI_58967,CHEBI_43219_CHEBI_58967,enantiomer,enantiomer,100.0,1
CHEBI_38140,CHEBI_28809,CHEBI_28809_CHEBI_38140,enantiomer,enantiomer,100.0,1
CHEBI_133230,CHEBI_133231,CHEBI_133230_CHEBI_133231,enantiomer,enantiomer,100.0,1
CHEBI_21553,CHEBI_144430,CHEBI_144430_CHEBI_21553,enantiomer,enantiomer,100.0,1
CHEBI_84003,CHEBI_84004,CHEBI_84003_CHEBI_84004,enantiomer,enantiomer,100.0,1
CHEBI_138005,CHEBI_138004,CHEBI_138004_CHEBI_138005,enantiomer,enantiomer,100.0,1
CHEBI_27066,CHEBI_28951,CHEBI_27066_CHEBI_28951,enantiomer,enantiomer,100.0,1
CHEBI_46675,CHEBI_60785,CHEBI_46675_CHEBI_60785,enantiomer,enantiomer,100.0,1
CHEBI_82653,CHEBI_82652,CHEBI_82652_CHEBI_82653,enantiomer,enantiomer,100.0,1
CHEBI_63624,CHEBI_17748,CHEBI_17748_CHEBI_63624,enantiomer,enantiomer,100.0,1
CHEBI_60843,CHEBI_60844,CHEBI_60843_CHEBI_60844,enantiomer,enantiomer,100.0,1
CHEBI_167491,CHEBI_167490,CHEBI_167490_CHEBI_167491,enantiomer,enantiomer,100.0,1
CHEBI_90819,CHEBI_132087,CHEBI_132087_CHEBI_90819,enantiomer,enantiomer,100.0,1
CHEBI_82855,CHEBI_82854,CHEBI_82854_CHEBI_82855,enantiomer,enantiomer,100.0,1
CHEBI_32856,CHEBI_32852,CHEBI_32852_CHEBI_32856,enantiomer,enantiomer,100.0,1
CHEBI_50046,CHEBI_50045,CHEBI_50045_CHEBI_50046,enantiomer,enantiomer,100.0,1
CHEBI_100462,CHEBI_131618,CHEBI_100462_CHEBI_131618,enantiomer,enantiomer,100.0,1
CHEBI_91037,CHEBI_91041,CHEBI_91037_CHEBI_91041,enantiomer,enantiomer,100.0,1
CHEBI_87742,CHEBI_87741,CHEBI_87741_CHEBI_87742,enantiomer,enantiomer,100.0,1
CHEBI_36105,CHEBI_15606,CHEBI_15606_CHEBI_36105,enantiomer,enantiomer,100.0,1
CHEBI_91197,CHEBI_91195,CHEBI_91195_CHEBI_91197,enantiomer,enantiomer,100.0,1
CHEBI_76125,CHEBI_90,CHEBI_76125_CHEBI_90,enantiomer,enantiomer,100.0,1
CHEBI_36778,CHEBI_36777,CHEBI_36777_CHEBI_36778,enantiomer,enantiomer,100.0,1
CHEBI_142091,CHEBI_137562,CHEBI_137562_CHEBI_142091,enantiomer,enantiomer,100.0,1
CHEBI_52333,CHEBI_75824,CHEBI_52333_CHEBI_75824,enantiomer,enantiomer,100.0,1
CHEBI_15845,CHEBI_47947,CHEBI_15845_CHEBI_47947,enantiomer,enantiomer,100.0,1
CHEBI_82813,CHEBI_101278,CHEBI_101278_CHEBI_82813,enantiomer,enantiomer,100.0,1
